id,title,author,language,caption,captionItemName,keyword,digest,status,isDisplay,readNum,createTime,updateTime,coverUrl
645,The DL Tower and a Hong Kong Coliseum Concert Go On-Chain: Compliance Reflections Amid Hong Kong’s RWA Boom,fintax,2,1,,"RWA, Hong Kong, compliance, tokenisation, tax","At the start of 2026, high-quality commercial real estate and a Hong Kong Coliseum concert went on-chain in quick succession. This article reviews Hong Kong’s RWA evolution, examines tax implications and regulatory logic, and explores compliance risks behind the RWA financing boom.",2,1,,2026/3/30 16:33,2026/3/30 16:35,files/20260330/article_0327_publish_cover_1774859742338.jpg
643,中环大厦、红馆演唱会接连上链？赴港RWA热潮下的合规冷思考,fintax,1,1,,"RWA, 香港监管, 代币化, 合规, 资产证券化, 真实世界资产",2026年开年，香港中环商业地产与红馆演唱会接连上链，标志着RWA正式迈入商业化落地新阶段。本文系统梳理香港RWA演进路径，剖析税务影响与监管逻辑，审视RWA融资红利背后的合规风险。,2,1,,2026/3/30 15:30,2026/3/30 15:31,files/20260330/2e7aeae8fc4e41cbba3de9a8cca29794.png
642,From Regulation by Enforcement to Ex Ante Rulemaking: The U.S. Crypto Regulatory Shift and Its Market Impact,fintax,2,1,,"crypto regulation, SEC, CFTC, digital assets, ex ante rulemaking, digital commodities, digital securities, stablecoins","The SEC and CFTC jointly released guidance classifying crypto assets into five categories, marking a historic shift from regulation by enforcement to systematic ex ante rulemaking in the U.S.",2,1,,2026/3/30 15:13,2026/3/30 15:22,files/20260330/29c3b17c890548c7b6cd11b9ba00de48.png
641,Beyond the Hype: What Are Crypto Assets Actually Worth When the Bubble Bursts?,fintax,2,1,,crypto assets tokenization value mechanism regulation cross-border payments,"This paper examines sustainable crypto asset value mechanisms through the lens of tokenization, macro hedging, and regulatory evolution, distinguishing between native and backed tokens that can survive market cycles.",2,1,,2026/3/27 13:26,2026/3/27 16:11,files/20260327/4ee2221c1c0343118febc789ebdec36d.png
640,Sun Yuchen and the SEC Settle Three-Year Dispute: TRON Case Reflects New Trends in US Crypto Regulation,fintax,2,1,,SEC TRON Justin Sun settlement crypto regulation wash trading,"The SEC and Justin Sun reach a settlement in the TRON case after three years, with Rainberry accepting a $10M penalty for wash trading while all other charges are dismissed, reflecting the shifting US crypto regulatory landscape.",2,1,,2026/3/27 13:24,2026/3/27 16:12,files/20260327/dc5bc88e5b034644a1896095dfc19413.png
639,MetaMask Card Lands in the US: A New Game Changer for Crypto Payments,fintax,2,1,,MetaMask Mastercard crypto payments self-custody debit card,"MetaMask partners with Mastercard to launch a self-custody crypto card in the US, allowing users to spend on-chain assets at 150M+ merchants while maintaining full control of their funds.",2,1,,2026/3/27 13:22,2026/3/27 16:13,files/20260327/7dd5e35d5bbc401291eb147d250c0017.png
638,从"执法监管"到"规则前置"：美国加密资产监管的范式转变与市场影响,fintax,1,1,,加密资产 SEC CFTC 数字商品 证券监管,2026年3月17日，SEC与CFTC联合发布加密资产分类指引，将加密资产划分为五大类别，创设剥离机制，标志着美国从执法监管转向规则前置的监管范式转变。,2,1,,2026/3/27 11:50,,files/20260327/192258181faf41feb6a0bf0ab08a45d8.png
637,SEC与孙宇晨及TRON系实体达成和解：历时三年纠纷落定，加密监管释放新信号,FinTax,1,1,,"SEC,孙宇晨,TRON,加密监管,和解,TRX",SEC就针对孙宇晨、TRON基金会等的诉讼达成和解，Rainberry接受1000万美元罚金，SEC撤销其余指控。本文分析和解背后的监管逻辑与市场启示。,1,1,,2026/3/23 10:22,,
636,当叙事泡沫退去，真正有价值的加密资产是什么？ ,FinTax,1,1,,,,2,1,,2026/3/18 17:42,,files/20260318/b21bfd89ff764ddbb273fee1dbfb0f71.png
635,A Dual-Governance Model for a "Global Crypto Hub": Research on UAE Crypto Regulation and Taxation,FinTax,2,1,,,,2,1,,2026/3/16 11:14,,files/20260316/4e7fb282294f4c7a9c35c48ec792a06d.png
634,SEC Clears the Path for Broker-Dealers: New Capital Guidance Give Payment Stablecoins a Green Light,FinTax,2,1,,,,2,1,,2026/3/16 11:08,,files/20260316/9b944c9968954465993cb80c693332c4.png
633,"FinTax Crypto Compliance Highlights  —Mar 2026, Issue 1",FinTax,2,1,,,,2,1,,2026/3/16 10:43,,files/20260316/8558d6cbfb114f54a319f90ba6eb8633.png
632,FinTax 加密合规动态精选  ——2026年3月第1期,FinTax,1,1,,,,2,1,,2026/3/16 10:36,2026/3/16 10:43,files/20260316/5752ecdbfe2846a89b6a810f91fbae1b.png
631,MetaMask Card落地美国，加密支付卡赛道迎来新变量,FinTax,1,1,,,,2,1,,2026/3/13 13:16,,files/20260313/b12a6133738a4d5eb559185de8e6a219.png
630,“全球加密枢纽”的二元治理范式：阿联酋加密监管与税收基础研究,FinTax,1,1,,,,2,1,,2026/3/11 10:51,2026/3/16 11:14,files/20260311/2505e4c22e734b4da89a83b07808c4ae.png
629,SEC明确券商资本计提新口径，支付型稳定币再迎利好信号,FinTax,1,1,,,,2,1,,2026/3/9 13:22,2026/3/16 11:08,files/20260309/68d27499defa4551a3ceae9586f4f46c.png
628,重塑价值交换：加密货币支付的技术逻辑、未来趋势与税务挑战,FinTax,1,1,,,,2,1,,2026/3/6 10:44,,files/20260306/a848e532fc2747289cd73ba01dd47d47.png
627,为何限制稳定币发行？一文解码巴西虚拟资产法修订背后的监管逻辑,FinTax,1,1,,,,2,1,,2026/3/3 18:51,,files/20260303/b145c347b6b74d1da9a72991a50e77b9.png
626,"FinTax Crypto Compliance Highlights  (February 2026, Issue 2)",FinTax,2,1,,,,2,1,,2026/3/2 10:52,,files/20260302/2267e1856181473785cff17d209bc09f.png
625,FinTax 加密合规动态精选——2026年2月第2期,FinTax,1,1,,,,2,1,,2026/3/2 10:41,2026/3/2 10:52,files/20260302/22e1a0da05c64e079c1140fd238178bd.png
624,"A Deep Dive into Staking and Mining Taxes: Policy Comparisons and Insights from Hong Kong, Singapore, the US, and Canada",FinTax,2,1,,,,2,1,,2026/2/28 18:48,,files/20260228/32887eff675b49c38c61c07646b0b7b6.png
623,质押与挖矿税务研究万字长文：港新美加四地政策比较与洞见,FinTax,1,1,,,,2,1,,2026/2/26 17:58,2026/2/28 18:48,files/20260226/1abc0bf18a064a80b5ff02fd77a7f5a4.png
622,"SEC Exposes $14 Million Crypto Scam:  When Crypto Becomes a Cover for Fraud, Who is Driving Out Good Money with Bad Money?",FinTax,2,1,,,,2,1,,2026/2/26 17:55,,files/20260226/492fd4104b0c45048711e8e8d24c1876.png
621,"Japan’s Move Toward Crypto Spot ETFs:  A Full Look at Market Trends, Regulatory Shifts, and Future Impact",FinTax,2,1,,,,2,1,,2026/2/26 16:41,,files/20260226/27c2bf2371a844668e2072f3ab3e1382.png
620,The Granularity Revolution in Digital Asset Tax Regs:  A Guide to the US Form 1099-DA and Compliance,FinTax,2,1,,,,2,1,,2026/2/25 10:43,,files/20260225/95e2adc077b342358454f1c787af0507.png
619,Wall Street Goes On-Chain: NYSE and Nasdaq Race to Adopt Tokenized Securities,FinTax,2,1,,,,2,1,,2026/2/25 10:39,,files/20260225/2e53b44651f04654b3057d3cf5cf81e5.png
618,日本拟推出加密现货ETF：市场现状、监管转向与落地影响全景解读,FinTax,1,1,,,,2,1,,2026/2/25 10:36,2026/2/26 16:41,files/20260225/7d7ca2ddd2724c7fbad9506dea9124de.png
617,美国证监会揭露1400万美元加密骗局：当Crypto沦为欺诈外衣，谁在制造“劣币驱逐良币”？,FinTax,1,1,,,,2,1,,2026/2/24 10:49,2026/2/26 17:55,files/20260224/55e6f4ef826a4b809e671f297ca77d25.png
616,“稳定币”到底是什么？制度定位、监管框架与税务落点,FinTax,1,1,,,,2,1,,2026/2/19 16:40,2026/2/19 16:40,files/20260219/1ea9f1a7ce51481eb80f9fac92d16cd1.png
615,FinTax 加密合规动态精选  ——2026年2月第1期,FinTax,1,1,,,,2,1,,2026/2/16 16:38,2026/2/16 17:13,files/20260216/1ffbdf0be60149b2930a77410c3efe1d.png
614,"FinTax Crypto Compliance Newsletter  ------February 2026, Issue 1",FinTax,2,1,,,,2,1,,2026/2/16 12:08,2026/2/16 16:38,files/20260216/2adb8db0eab0476cb39d7b8c2fb67af0.png
613,数字资产税务监管的颗粒度革命：美国1099-DA表格解析与合规指南,FinTax,1,1,,,,1,1,,2026/2/11 18:44,2026/2/25 10:43,files/20260211/ac05a0f5b7834a5d86af757322d752b8.png
612,Latest FAQs from Hong Kong IRD: How is Tax Residency Decided for Dual-City Lifestyle?,FinTax,2,1,,,,2,1,,2026/2/11 18:32,,files/20260211/11d3437ce2af46089af302a044ca0b16.png
611,华尔街的链上转向：纽交所、纳斯达克竞相布局证券通证化,FinTax,1,1,,,,2,1,,2026/2/9 11:23,2026/2/25 10:39,files/20260209/a181f3049708464ab06985c1523ea796.png
610,香港税务局最新FAQ：“双城生活”如何判定税务身份？,FinTax,1,1,,,,2,1,,2026/2/9 10:57,2026/2/11 18:32,files/20260206/5120a5ad28c7493482f716ecb233e1a3.png
609,"New Rules for HK Virtual Asset Licenses: FSTB and SFC Issue Joint Paper, Signaling the Fully Licensed Era",FinTax,2,1,,,,2,1,,2026/2/6 13:21,2026/2/10 10:45,files/20260206/53d078e5c14646b2864f813a5995e76b.png
608,"FinTax Crypto Compliance Highlights  —Jan 2026, Issue 2",FinTax,2,1,,,,2,1,,2026/2/4 11:35,,files/20260204/5c16dfbb565649a9a2e496a00ed90fd6.png
607,FinTax 加密合规动态精选  ——2026年1月第2期,FinTax,1,1,,,,2,1,,2026/2/4 11:27,2026/2/4 11:29,files/20260204/254a97a2a5f74046823388fd33eccc03.png
605,香港虚拟资产牌照新规解读：财库局、证监会联合发文，宣告步入“全面持牌”时代,FinTax,1,1,,,,2,1,,2026/1/29 11:58,2026/2/6 13:21,files/20260129/6546441d5bb24cd9bfa5d650b373bfa1.png
604,Global CARF Implementation Timeline: And How are Mainland China and Hong Kong Committed?,FinTax,2,1,,,,2,1,,2026/1/28 10:13,,files/20260128/f3bcef23eb90443da47b25d16ab09dd1.png
603,CARF全球实施时间表一览，中国大陆、香港地区承诺情况如何？ ,FinTax,1,1,,,,2,1,,2026/1/27 20:49,2026/1/28 10:13,files/20260127/84a59147682842fea015df3db6be0b47.png
602,Liberty vs. Clarity: A Deep Dive into Poland’s Crypto Tax and Regulatory Framework,FinTax,2,1,,,,2,1,,2026/1/16 23:36,,files/20260116/0f61196ed7944550a3a591ab2229629a.png
601,自由与清晰的博弈：波兰加密税制与监管体系基础研究,FinTax,1,1,,,,2,1,,2026/1/16 23:33,,files/20260116/642b673e8852418daa104cbed259f0e4.png
600,CRS 2.0 Is Coming: Will Your “On-Chain Invisibility Cloak” Still Work in 2026?,FinTax,2,1,,,,2,1,,2026/1/14 23:48,,files/20260114/fd9516e3b6a449d8b48dc5c4d9c37906.png
599,CRS2.0落地在即：2026年，你的“链上隐身衣”还在吗？,FinTax,1,1,,,,2,1,,2026/1/14 23:45,2026/1/14 23:48,files/20260114/0a5793e0f5484ee3bc0bdca305fa4c53.png
598,Toward a Clearer Future: Foundational Research on Germany’s Crypto Tax Regime and Regulatory Framework,FinTax,2,1,,,,2,1,,2026/1/9 23:43,,files/20260109/90f6709106b7450792c8ac931c034420.png
597,迈向更清晰的未来：德国加密税制与监管基础研究,FinTax,1,1,,,,2,1,,2026/1/9 23:41,2026/1/9 23:43,files/20260109/22001ed863ab46b0b0e883b17139f312.png
596,UK’s "Third Category of Property" is Here: What’s Changing for Crypto Taxes?,FinTax,2,1,,,,2,1,,2026/1/3 23:45,,files/20260103/1f074dc4ee0e4c6b852a659d647c969c.png
595,英国“第三类财产”落地：加密资产税收将发生哪些变化？,FinTax,1,1,,,,2,1,,2026/1/3 23:38,,files/20260103/af08f40f9fdc4916bf2f234b3ebca095.png
594,The TUSD $456 Million Reserve Misappropriation: How Can We Trust Crypto Trusts?,FinTax,2,1,,,,2,1,,2026/1/1 21:03,,files/20260101/6164a05425524760ab6aaf9ba3d83708.png
593,TUSD4.56亿美元储备金挪用案始末：我们如何相信信托？,FinTax,1,1,,,,2,1,,2026/1/1 21:00,2026/1/1 21:03,files/20260101/1991ee17a70e41a090f9fc9c0a639c07.png
592,The "Final Puzzle Piece" of U.S. Crypto Tax Regulation Seen Through  the White House Power Expansion Proposal,FinTax,2,1,,,,2,1,,2025/12/31 0:06,2026/1/1 21:03,files/20251230/7cce122cd4a1466d94d625743db0d8c3.png
591,从白宫扩权提案看美国加密资产税务监管的“终极拼图”,FinTax,1,1,,,,2,1,,2025/12/30 23:58,2026/1/1 21:03,files/20251230/5b55cc0581154dabad5678bcccb714ea.png
590,澳大利亚拟出台加密资产监管新规：“数字资产框架法案”前瞻,FinTax,1,1,,,,2,1,,2025/12/26 23:33,,files/20251226/76711966d8d54789bace0ee5acf00adb.png
589,Australia’s Getting New Crypto Rules: A Sneak Peek at the "Digital Asset Framework Bill",FinTax,2,1,,,,2,1,,2025/12/26 23:30,2025/12/26 23:33,files/20251226/7766f14dea5544ea985bd3d8161bdb98.png
588,"When Wealth Flows Through Accounts, What Else Do Crypto Companies Need?",FinTax,2,1,,,,2,1,,2025/8/14 19:45,,files/20250814/85943769caed4f7ba7c8e1d59677ca2c.png
587,当财富在账户流动时，加密货币公司还需要什么？,FinTax,1,1,,,,2,1,,2025/8/14 19:44,2025/8/14 19:45,files/20250814/2e21ea9cad1943ba90ceb774f1bd894b.png
586,Stablecoins and Tokenized Stocks: Opportunities and Challenges Reshaping Global Crypto Finance,FinTax,2,1,,,,2,1,,2025/8/11 21:11,,files/20250811/2efdec9a78974e7d981538b5fcb08f72.png
585,稳定币与股票代币化：重塑全球加密金融格局的机遇与挑战,FinTax,1,1,,,,2,1,,2025/8/11 21:09,2025/8/11 21:11,files/20250811/db7f435519294423aa4002f04177e62f.png
584,MicroStrategy in Legal Trouble Again: How Accounting Rules Turned Into a Big Headache,FinTax,2,1,,,,2,1,,2025/7/31 21:58,,files/20250731/c1eb9504554d4c7db04a5ea4dfede525.png
583,微策略再度官司缠身：会计准则缘何造成大麻烦？,FinTax,1,1,,,,2,1,,2025/7/31 21:33,2025/7/31 21:58,files/20250731/4c4c389b8dd74efabbfbc3e3a3c97036.png
582,"A Practical Guide to Web3 On/Off-Ramps: Compliant Platforms, KYC, and Tax Obligations ",FinTax,2,3,,,,2,1,,2025/7/25 10:28,2025/7/25 10:37,files/20250725/c6fa51f45b114485be53a12842c562eb.png
581,Web3出入金必读：合规平台、KYC与纳税义务 ,FinTax,1,3,,,,2,1,,2025/7/25 10:22,2025/7/25 10:25,files/20250725/e0fdbcf15c2841c580b3e0f038a2045c.png
580,FinTax 加密合规动态精选   ——2025年7月第1期 ,FinTax,1,3,,,,2,1,,2025/7/20 20:25,,files/20250720/910e4b9eb6994ca2ac0e924669fd68a0.png
579,"FinTax Crypto Compliance Highlights   —July 2025, Issue 1 ",FinTax,2,3,,,,2,1,,2025/7/20 20:17,2025/7/20 20:25,files/20250720/d077d83559e847309680d21bb742c30d.png
578,Web3 Compliance Talk How Crypto Gains Are Taxed,FinTax,2,3,,,,2,1,,2025/7/17 23:09,2025/7/25 10:38,files/20250717/5f6c9ab29e7d4a999683822d06bfa0ef.png
577,Web3合规漫谈：币圈收益如何纳税,FinTax,1,3,,,,2,1,,2025/7/17 23:04,2025/7/17 23:09,files/20250717/73fc8e7e13a9485fb926205dc45c9354.png
576,Get to Know the CLARITY Act in Ten Minutes,FinTax,2,3,,,,2,1,,2025/7/8 0:07,2025/7/25 10:39,files/20250707/509b6a3cd17d479d8bf9841337d948cd.png
575,十分钟抢先了解CLARITY法案,FinTax,1,3,,,,2,1,,2025/7/8 0:04,2025/7/8 0:07,files/20250707/7cab04d8dfc64efe98f8c9a3aac45c25.png
574,Russian Cryptocurrency Policy Transition:  An Exploration of Experimental Legislation,FinTax,2,1,,,,2,1,,2025/7/5 0:20,2025/7/5 0:20,files/20250704/3b8011398635447cb082dd2328030d41.png
573,俄罗斯加密货币政策转型：实验性立法探究,FinTax,1,1,,,,2,1,,2025/7/5 0:17,2025/7/5 0:20,files/20250704/a57a63d8258b4a75a822aef4a78d348b.png
572,"FinTax Crypto Compliance Highlights: June 2025, Issue 2 ",FinTax,2,1,,,,2,1,,2025/7/3 23:49,,files/20250703/d75204c2fa98409d95f604c3fa5ef94f.png
571,FinTax 加密合规动态精选：2025年6月第2期,FinTax,1,1,,,,2,1,,2025/7/3 23:47,2025/7/3 23:49,files/20250703/f6b4824388c1411cb68b5ef15a24eb82.png
570,A Comprehensive Overview of the "Policy Statement 2.0 on the Development of Digital Assets in Hong Kong",FinTax,2,1,,,,2,1,,2025/7/1 1:00,,files/20250630/9c8396dadb8b4c4ea1e6bb3adb712e48.png
569,一文读懂《香港数字资产发展政策宣言2.0》,FinTax,1,1,,,,2,1,,2025/7/1 0:42,2025/7/1 1:00,files/20250630/c6479624f97c40cd849d9ab70cedf5cb.png
568,A Quick Look at the Commonalities and Features of Stablecoin Legislation in Hong Kong and the U.S. —— Is It a Trend?,FinTax,2,1,,,,2,1,,2025/6/26 23:20,2025/6/26 23:20,files/20250626/afe9325467dd4533afea452e818040eb.png
567,一文了解香港、美国稳定币法案共性与特点 是趋势吗？,FinTax,1,1,,,,2,1,,2025/6/26 23:19,2025/6/26 23:20,files/20250626/c33c55e75fff4e4f888571b04a200f74.png
566,U卡真的有避税“魔法”吗？,FinTax,1,1,,,,2,1,,2025/6/23 23:48,,files/20250623/92a70a1bf1f24aa1976269e2d538db6e.png
565,Does the USDT Card Really Have “Tax Magic”?,FinTax,2,1,,,,2,1,,2025/6/23 23:46,,files/20250623/8ffcb81b08b440e595c3fc53aa08c9c2.png
564,"UK Launches New Crypto Rules, Signaling a Landmark Shift in Regulatory Framework",FinTax,2,1,,,,2,1,,2025/6/19 23:40,,files/20250619/8eb8d408901f4976b5239901259d47ff.png
563,英国发布加密资产新规，监管框架迎来系统性升级,FinTax,1,1,,,,2,1,,2025/6/19 23:38,2025/6/19 23:40,files/20250619/c2015143a8f543f5a6ad6f530cd3463c.png
562,Mandatory Survey of Foreign Residents' Holdings of U.S. Securities Initiated by the U.S. Department of the Treasury,FinTax,2,1,,,,2,1,,2025/6/11 23:35,,files/20250611/9df2f573c67a4f238f65d3d69a150967.png
561,美国将强制调查外国居民持有美国证券情况,FinTax,1,1,,,,2,1,,2025/6/11 23:33,2025/6/11 23:35,files/20250611/9b92a1a41e134f3795f9e920989fbd2c.png
560,Crypto Notes in the City of Music:  An Overview of Austria’s Taxation and Regulatory Framework for Crypto Assets,FinTax,2,1,,,,2,1,,2025/6/10 10:44,,files/20250610/6708e2ac1bab4073af03c7cfb55c4900.png
559,音乐之都的加密音符：奥地利加密税收与监管制度概览,FinTax,1,1,,,,2,1,,2025/6/10 10:37,2025/6/10 10:44,files/20250610/d0969c131de6447ba01bc25710c55598.png
558,Bitcoin 2025 | FinTax on the Panel: Tariff Challenges in the Crypto Mining Industry,FinTax,2,1,,,,2,1,,2025/6/6 0:13,,files/20250605/58c39a2d7a2043dd896863fa62b89b6a.png
557,Bitcoin 2025 | FinTax圆桌论坛：加密矿业的关税挑战,FinTax,1,1,,,,2,1,,2025/6/6 0:12,2025/6/6 0:13,files/20250605/46188495094040b3b195e168715469d7.png
556,FinTax 加密合规动态精选：2025年5月第2期,FinTax,1,1,,,,2,1,,2025/6/4 23:39,,files/20250604/2d1a3c35ccd243a28d7b2d32936291f9.png
555,"FinTax Crypto Compliance Highlights—May 2025, Issue 2",FinTax,2,1,,,,2,1,,2025/6/4 23:36,2025/6/4 23:38,files/20250604/d2704bbd616e425889d8f5b216bd7b50.png
554,New Hampshire’s Evolving Crypto Landscape: Assessing the State’s Crypto Taxation and Regulation,FinTax,2,1,,,,2,1,,2025/6/3 0:12,2025/6/3 0:18,files/20250602/09c7986902e34758b79ae1f1821691e7.png
553,加密货币自由先锋：新罕布什尔州加密货币税收与监管动态一览,FinTax,1,1,,,,2,1,,2025/6/3 0:09,2025/6/3 0:12,files/20250602/f813d95425824ca1954fec044111e160.png
552,U.S. Banks Can Legally Engage in Crypto Asset Activities,FinTax,2,1,,,,2,1,,2025/5/28 23:31,,files/20250528/bb1c9805b84e46d38fa43cd0c100b561.png
551,美国银行可合法从事加密资产业务,FinTax,1,1,,,,2,1,,2025/5/28 23:28,2025/5/28 23:31,files/20250528/33e1f6edf5df45ac95dfa218eea95136.png
550,What challenges do the updated US crypto accounting standards bring?,FinTax,2,1,,,,2,1,,2025/5/24 0:50,2025/5/24 0:50,files/20250523/ccd3144e1ad44bfeab7bfc456ecf585b.png
549,美国加密会计准则更新带来什么挑战？FinTax加密财会与审计专题（四）,FinTax,1,1,,,,2,1,,2025/5/24 0:47,2025/5/24 0:50,files/20250523/c323e719c1eb494795f5237eb2e71e5a.png
548,Overseas Income Tax Under Scrutiny: Are Crypto Investors at Risk of Owing Back Taxes?,FinTax,2,1,,,,2,1,,2025/5/22 0:14,,files/20250521/1f62a6eafd4e4ab5abdf54d60ce3c306.png
547,境外收入补税成热点 币圈是否存在补税风险？,FinTax,1,1,,,,2,1,,2025/5/22 0:12,2025/5/22 0:14,files/20250521/8d0210abf75941a5af67dc30c7520ea8.png
546,"FinTax Crypto Compliance Highlights: May 2025, Issue 1 ",FinTax,2,1,,,,2,1,,2025/5/20 0:54,2025/5/20 0:54,files/20250519/e7a83d5771fe4340b1ec3f477f67fe94.png
545,FinTax 加密合规动态精选：2025年5月第1期 ,FinTax,1,1,,,,2,1,,2025/5/20 0:52,2025/5/20 0:54,files/20250519/178b3a11121242349412492efc68df28.png
544,A Cold Reflection on the RWA Craze: Chaos or Opportunity?,FinTax,2,1,,,,2,1,,2025/5/15 23:46,,files/20250515/5cdb42750f354044973610af354fb540.png
543,RWA热潮的冷思考：混乱还是机遇？,FinTax,1,1,,,,2,1,,2025/5/15 23:44,2025/5/15 23:46,files/20250515/2f9e5308a7a1449b8cdc4c1a4ae6210a.png
542,Why Is CZ So Interested in Kyrgyzstan? An Overview of the Country's Crypto Tax and Regulatory System,FinTax,2,1,,,,2,1,,2025/5/13 0:38,,files/20250512/689d6dbdd1c74101b4d1f0c284eeccb3.png
541,CZ为何如此中意吉尔吉斯斯坦？一文速览该国加密资产税收与监管制度,FinTax,1,1,,,,2,1,,2025/5/13 0:29,2025/5/13 0:38,files/20250512/5b712d0d9b8b4f6aa724037d7075596b.png
540,Upgraded Tax Inspections on Foreign Income: A Must - Read for U.S. and Hong Kong Stock Investors and Web3 Enthusiasts,FinTax,2,1,,,,2,1,,2025/5/12 0:21,,files/20250511/a57876c7e3794457b66f2b6238a931da.png
539,中国境外所得税务稽查升级：美股、港股与Web3投资者必读,FinTax,1,1,,,,2,1,,2025/5/12 0:19,2025/5/12 0:21,files/20250511/ac45d99ab92b4b3fba9ba005295957dd.png
538,FinTax Crypto Accounting and Auditing Series (III): Outlook on Web3 Disclosure from IPO to IEO,FinTax,2,1,,,,2,1,,2025/5/9 1:02,2025/5/12 0:18,files/20250508/2d4add6a03854978bc9f455fb1facd04.png
537,FinTax加密财会与审计专题（三）：从IPO到IEO Web3信息披露前景展望 ,FinTax,1,1,,,,2,1,,2025/5/9 0:57,2025/5/9 1:02,files/20250508/5afef63d07fa4d849ddf030d468455ab.png
536,"FinTax Crypto Compliance Highlights: April 2025, Issue 2 ",FinTax,2,1,,,,2,1,,2025/5/9 0:54,2025/5/9 0:55,files/20250508/95d3be41bd16478a8cfcaa55c24de1e7.png
535,FinTax 加密合规动态精选：2025年4月第2期 ,FinTax,1,1,,,,2,1,,2025/5/9 0:52,2025/5/9 0:55,files/20250508/766dd9155c2d43e69fcf7ccb7aee8fef.png
534,Global Miners' Hub? Exploring Iceland's Crypto Tax and Regulation Landscape,FinTax,2,1,,,,2,1,,2025/5/1 21:52,,files/20250501/b604d794336d471d940a71fdff420e5f.png
533,全球矿工大本营？一文探秘冰岛加密货币税收与监管全景,FinTax,1,1,,,,2,1,,2025/5/1 21:49,2025/5/1 21:52,files/20250501/8b40ce3ec9fe4fd4bfe831f2d15f1076.png
532,India's Crypto Tax Reforms 2025: Moving Towards Crypto-Friendliness or Tightening Regulation?,FinTax,2,1,,,,2,1,,2025/4/28 23:07,,files/20250428/b17345f688064e55808bfbca8936e076.png
531,印度2025年加密税改：迈向加密友好还是收紧监管？,FinTax,1,1,,,,2,1,,2025/4/28 23:05,2025/4/28 23:07,files/20250428/3609f3feea5d482d8ea30ee177afbd80.png
530,Coordinated Action: Mainland China Targets Unreported Overseas Income of Individual Taxpayers,FinTax,2,1,,,,2,1,,2025/4/23 20:50,,files/20250423/15e0333efb0f4a21917399708882cb3e.png
529,中国多地税务机关统一稽查应报未报个人境外所得,FinTax,1,1,,,,2,1,,2025/4/23 20:37,2025/4/23 20:50,files/20250423/96c12584145848b2aa3416e43b41506d.png
528,Trump's Crypto Tax Reform: Where Is the Path?,FinTax,2,1,,,,2,1,,2025/4/17 22:05,2025/4/30 20:14,files/20250417/49fb6a5ec15f48589525784a11475e80.png
527,特朗普加密税制改革：路在何方？,FinTax,1,1,,,,2,1,,2025/4/17 22:04,2025/4/17 22:05,files/20250417/616295b48bab46d3afca723cf6bdbe8b.png
526,Mining Machines Are Securities? Reviewing the Green United Case,FinTax,2,1,,,,2,1,,2025/4/14 23:21,,files/20250414/15f7f5519f104c0a8286f32dac6891f0.png
525,矿机也是证券？复盘Green United案,FinTax,1,1,,,,2,1,,2025/4/14 23:19,2025/4/14 23:21,files/20250414/3361200cf92f499c8bea419f9773f777.png
524,Kuala Lumpur's Crypto World: Malaysia's Cryptocurrency Taxation and Regulatory System,FinTax,2,1,,,,2,1,,2025/4/11 22:42,,files/20250411/ede34d03cccf48188b7daaf7760e06fa.png
523,吉隆坡的加密世界：马来西亚加密货币税收与监管制度,FinTax,1,1,,,,2,1,,2025/4/11 22:39,2025/4/11 22:42,files/20250411/9b258416cc1a47a6b036d3f5e43e80d0.png
522,美国关税铁幕降临，加密矿业路在何方？,FinTax,1,1,,,,2,1,,2025/4/7 19:21,,files/20250407/5b8910613e1e40498b5f9e58f13d1fdf.png
521,The Trump Tariff Iron Curtain Descends: Where Lies the Path for Crypto Mining?,FinTax,2,1,,,,2,1,,2025/4/7 19:20,2025/4/7 19:21,files/20250407/07dea68b7af3496b9d4118f452b49482.png
520,"FinTax Crypto Compliance Highlights—March 2025, Issue 2 ",FinTax,2,1,,,,2,1,,2025/4/4 0:16,2025/4/4 18:37,files/20250403/e9c7aa4c3c344f3591688e75ed071736.png
519,FinTax 加密合规动态精选——2025年3月第2期 ,FinTax,1,1,,,,2,1,,2025/4/4 0:11,2025/4/4 0:16,files/20250403/56e211ea667346768f5f5e2678580853.png
518,FinTax Crypto Asset Accounting & Auditing Series (II):  Issues & Root Causes of Disclosure in ICO/IEO Projects,FinTax,2,1,,,,2,1,,2025/4/3 18:23,,files/20250403/e5f5397c4112400391dfee5d839fe48b.png
517,FinTax加密财会与审计专题（二）：项目方ICO/IEO信息披露既有问题及原因分析,FinTax,1,1,,,,2,1,,2025/4/3 18:17,2025/4/3 18:18,files/20250403/d75df0912f114299ae68bd0d70d82595.png
516,U.S. Cryptocurrency Broker Tax Regulations: How the DeFi Ecosystem and the Entire Industry Should Respond?,FinTax,2,1,,,,2,1,,2025/3/31 22:39,2025/4/3 18:18,files/20250331/9a3f5aa39b6c4fc88dc676566bf31137.png
515,美国加密经纪人税务新规：DeFi生态和全行业怎样应对？,FinTax,1,1,,,,2,1,,2025/3/31 22:30,2025/4/3 18:18,files/20250331/437265ae9303465e812dfdc18e6c096d.png
514,Trump's Tariff Increases: How Can Crypto Companies and Investors React?,FinTax,2,1,,,,2,1,,2025/3/27 20:25,2025/3/27 20:26,files/20250327/d36a0de1668d4ff8a8cee8c401bb56e5.png
513,特朗普加征关税：加密企业和投资者如何应对？,FinTax,1,1,,,,2,1,,2025/3/27 20:20,2025/3/27 20:25,files/20250327/18edaaad5db84cd3af4472be6fd67444.png
512,Crypto's Victory? A Quick Overview of the Case of SEC vs. Ripple,FinTax,2,1,,,,2,1,,2025/3/27 20:19,,files/20250327/eca93241577b4be8bd8a8616e13698ca.png
511,加密的胜利？一文速览 SEC诉Ripple案始末,FinTax,1,1,,,,2,1,,2025/3/25 0:37,2025/3/27 20:19,files/20250324/08452f6e37c343cbaa7469d584eeab68.png
510,Breaking News: Japan’s New Crypto Regulatory Framework Set to Take Effect,FinTax,1,1,,,,2,1,,2025/3/21 16:14,,files/20250321/9376a2af07f144e88d4478cd5a20f1d2.png
509,重磅利好：日本加密监管新规即将落地,FinTax,1,1,,,,2,1,,2025/3/21 16:11,,files/20250321/36614627117e4eb8b5cfda9d3a1fdaf6.png
508,"FinTax Crypto Compliance Highlights—March 2025, Issue 1 ",FinTax,2,1,,,,2,1,,2025/3/18 16:55,,files/20250318/3169004853ab4a52a1d99e6cd24ec5df.png
507,FinTax 加密合规动态精选——2025年3月第1期 ,FinTax,1,1,,,,2,1,,2025/3/18 16:52,2025/3/18 16:55,files/20250318/cfc17894292d4334966a18da3d526408.png
506,Cayman Islands Tightens Regulations: Is the Era of Crypto-Friendly Policies Coming to an End?,FinTax,2,1,,,,2,1,,2025/3/17 22:00,,files/20250317/a0f94737173f45aab8b77d55519a59fb.png
505,开曼收紧监管：加密友好时代逐步落幕？,FinTax,1,1,,,,2,1,,2025/3/17 21:57,2025/3/17 22:00,files/20250317/8d94f18bb8724e5e9ac29659724fd925.png
504,OKX Loses $500 Million? Compliance Is Crucial for Business in the U.S.,FinTax,2,1,,,,2,1,,2025/3/13 23:24,,files/20250313/730bf52c8a434a2e80d50613cd6fa57d.png
503,OKX或将损失5亿美元？业务合规在美国太重要！,FinTax,1,1,,,,2,1,,2025/3/13 23:13,2025/3/13 23:14,files/20250313/61158556ce1f4c25afc480e5c11cb082.png
502,FinTax Crypto Asset Accounting and Auditing Series (I): Accounting Classification and Treatment of Crypto Assets,FinTax,2,1,,,,2,1,,2025/3/10 22:56,,files/20250310/00fe9857037747578faf2ba6fc4c2520.png
501,FinTax加密资产财会与审计专题（一）：加密资产的会计定性与处理方式,FinTax,1,1,,,,2,1,,2025/3/10 22:51,2025/3/10 22:51,files/20250310/44c4b9464a524ce48144fc01b179e387.png
500,Crypto Governance "Maple Compass": Canada's Cryptocurrency Taxation and Regulatory Framework ,FinTax,2,1,,,,2,1,,2025/3/6 9:39,2025/3/6 9:40,files/20250306/35dd7df4a0ae4b06a2ae2c816fbccbb7.png
499,加密治理“枫向标”：加拿大的加密货币税收与监管制度,FinTax,1,1,,,,2,1,,2025/3/6 9:27,2025/3/6 9:29,files/20250306/5c0f59a5a79d4ddd8c5d54158a35dcdd.png
498,Corporate Alternative Minimum Tax: A Big Trouble for MicroStrategy   ,FinTax,2,1,,,,2,1,,2025/3/3 21:37,,files/20250303/3fd17886984b426a9d9f6144e8db171f.png
497,企业代替最低税：微策略的大麻烦,FinTax,1,1,,,,2,1,,2025/3/3 21:33,2025/3/3 21:37,files/20250303/fc07fa5238194534a2b8903abd3f35fd.png
496,"FinTax Crypto Compliance Highlights  ( Feb 2025, Issue 2 )",FinTax,2,3,,,,2,1,,2025/3/3 21:26,,files/20250303/f7425ff8ae5347eb84b3c9852ecac776.png
495,FinTax加密合规动态精选——2025年2月第2期 ,FinTax,1,3,,,,2,1,,2025/3/3 21:19,2025/3/3 21:26,files/20250303/a3014a89a71f453ab88f83de7b2c14c9.png
494,Pushing for Crypto Tax Reform: Czech Republic’s Breakthrough in the Crypto Currency ,FinTax,2,3,,,,2,1,,2025/2/27 15:50,,files/20250227/5a5613158480442aaa284015f76d967e.png
493,力推加密税改：捷克在加密货币领域的破局之举,FinTax,1,3,,,,2,1,,2025/2/27 15:44,,files/20250227/f1ea0ee66eb24f128a88cb1ab4aa861d.png
492,Crypto Tax Evasion Controversy Resurfaces: What Trouble Is Dan Morehead Facing?,FinTax,2,1,,,,2,1,,2025/2/24 10:12,,files/20250224/ac6574b1b0804d37bcea58b514eb86b1.png
491,加密资产反避税风波再起：Dan Morehead遇上了什么麻烦？,FinTax,1,1,,,,2,1,,2025/2/24 10:08,2025/2/24 10:12,files/20250224/5fbb8fdf2c2448d381dd323418eef21d.png
490,Eastern Crypto Island: Taiwan’s Cryptocurrency Tax and Regulatory System,FinTax,2,1,,,,2,1,,2025/2/20 16:51,,files/20250220/b6caddb50f1b4a32830fa4bb36d3b3b0.png
489,东方加密宝岛：台湾的加密资产税收与监管制度,FinTax,1,1,,,,2,1,,2025/2/20 16:40,2025/2/20 16:51,files/20250220/79c26ffccb7142e09a91ad5788d0c753.png
488,Allowing Cryptocurrency Investment Immigration: Hong Kong’s Crypto-Friendly Policies Extend Further,FinTax,2,3,,,,2,1,,2025/2/17 21:04,,files/20250217/131ad6fe38aa4422bd84ee895661f1f8.png
487,允许加密货币投资移民：香港的加密利好不止于此,FinTax,1,3,,,,2,1,,2025/2/17 21:01,2025/2/17 21:04,files/20250217/a6d1eff15b5545839c3054da517bb494.png
486,"FinTax Crypto Compliance Highlights ( Feb 2025, Issue 1 )",FinTax,2,3,,,,2,1,,2025/2/17 19:10,,files/20250217/65f78137299b4c0a8dd335a62241d923.png
485,FinTax加密合规动态精选（2025年2月第1期 ）,FinTax,1,3,,,,2,1,,2025/2/17 19:05,2025/2/17 19:10,files/20250217/ef3119dfbcf9456ab5438af78977795d.png
484,UK Relaxes Cryptocurrency Staking Regulations: A Quick Overview,FinTax,2,3,,,,2,1,,2025/2/13 10:26,,files/20250213/d94a197570cc4cd298ef6406b45a3ff5.png
483,英国放宽加密货币质押监管：一文速览相关内容,FinTax,1,3,,,,2,1,,2025/2/13 10:23,2025/2/13 10:26,files/20250213/f55481464fa045a6a0d646ff40f68d31.png
482,USDT/USDC Prepaid Card’s Popularity Is Soaring – FinTax Reminds You to Be Aware of Related Risks,FinTax,2,3,,,,2,1,,2025/2/10 15:43,2025/2/10 15:43,files/20250210/dd095d58b4454ebdac9b8db5f65f6685.png
481,U卡热度直升，FinTax提醒您注意相关风险,FinTax,1,3,,,,2,1,,2025/2/10 15:38,2025/2/10 15:43,files/20250210/23de2cce87cb4559b9f2c3a30f480936.png
480,Tax Season Must-Read: How to Fill Out the 1099-DA Form?,FinTax,2,3,,,,2,1,,2025/2/6 20:15,2025/2/7 9:42,files/20250206/cf907dd9ea9146e88a540118cc8b1f08.png
479,报税季必读|神秘的1099-DA表格该怎么填？,FinTax,1,3,,,,2,1,,2025/2/6 20:10,2025/2/6 20:10,files/20250206/b266e1037eae4d5a94f7042268ea153e.png
478,Tax Season Must-Read | Tax-saving Tips: Choose the Cost Basis of Crypto Assets Wisely!,FinTax,2,3,,,,2,1,,2025/2/6 17:09,2025/2/7 9:42,files/20250206/344e730c623645c08d4d0f19941fe9f9.png
477,报税季必读|省税秘诀：合理选择加密资产成本基础!,FinTax,1,3,,,,2,1,,2025/2/6 17:07,2025/2/6 20:00,files/20250206/b930b27c608d49c4b7201a6766ecc41e.png
476,报税季必读|美国纳税人请注意：这4类加密收入也需要纳税！,FinTax,1,3,,,,2,1,,2025/2/6 17:00,2025/2/6 17:00,files/20250206/4398ee1f37c54eec9d74841f280a426e.png
475,"Tax Season Must-Read | U.S. Taxpayers, Take Note: These 4 Types of Crypto Income Are Also Taxable! ",FinTax,2,3,,,,2,1,,2025/2/6 16:55,2025/2/6 17:00,files/20250206/f5fbafeb964a4891bdb3299b0383911d.png
474,Must-Read for Tax Season: Do You Need to Pay Taxes on Cryptocurrency Investments in the U.S.? ,FinTax,2,3,,,,2,1,,2025/2/6 16:52,2025/2/6 20:03,files/20250206/38bfede4ad01433d90ce2d5cd8f710a0.png
473,报税季必读 | 在美国投资加密资产需要纳税吗？不想被罚款就记住这6点！,FinTax,1,3,,,,2,1,,2025/2/6 16:46,2025/2/6 20:07,files/20250206/1df20ec4976d41c095901ccafa4ea94a.png
472,Why Has Kenya Become Africa’s Crypto Pioneer?  ——From the Perspective of Tax and Compliance Systems,TaxDAO,2,1,,,,2,1,,2025/2/3 22:17,2025/2/3 22:40,files/20250203/c74e14c88aee43bf91896b29a73a2f43.png
471,肯尼亚何以成为非洲加密资产先锋——基于税收与监管制度的视角,TaxDAO,1,1,,,,2,1,,2025/2/3 22:11,2025/2/3 22:17,files/20250203/985e5ca4742749e985ae6866ea94289c.png
470,FinTax Crypto Compliance Policy Report for the Second Half of January  ,FinTax,2,3,,,,2,1,,2025/2/2 23:20,2025/2/3 12:03,files/20250207/f88116b34ec34e9e9c848625f64ddd76.png
469,FinTax 1月下半月加密合规政策报告 ,FinTax ,1,3,,,,2,1,,2025/2/2 23:12,2025/2/2 23:20,files/20250207/c012eaf5524641abaa0a8999a1c74092.png
468,Entering a New Era of Regulation: An Interpretation of Saudi Arabia's Cryptocurrency Policies,TaxDAO,2,1,,,,2,1,,2025/1/27 14:27,,files/20250127/ca2e9fd674bd49989fbb517278282440.png
467,走向监管新纪元：沙特阿拉伯加密货币政策解读,TaxDAO,1,1,,,,2,1,,2025/1/27 8:56,2025/1/27 8:57,files/20250127/f9b36a460e2a46e78523d27af6145339.png
466,"""Make Memecoins Great Again?"" The Party of Trump's Meme Coin and the Hidden Worries",FinTax,2,3,,,,2,1,,2025/1/22 15:23,2025/2/6 20:16,files/20250122/6b4cb5a3f80048a8a88f8c74e1825732.png
465,让meme币再次伟大？特朗普发币的狂欢与隐忧,FinTax,1,3,,,,2,1,,2025/1/20 10:04,2025/1/20 10:05,files/20250120/9a8f16dd1fdc4c999f9affad81db2562.png
464,FinTax Crypto Compliance Policy Report for the First Half of January ,FinTax,2,3,,,,2,1,,2025/1/16 19:22,2025/2/7 9:55,files/20250207/96fd2dbcc5534e8e87ede76e02798c1a.png
463,FinTax 1月上半月加密合规政策报告  ,FinTax,1,3,,,,2,1,,2025/1/16 19:08,2025/1/16 19:22,files/20250207/898b872bbe89408eb0e3128d171c9ce5.png
462,"New U.S. Crypto Asset Tax Reporting Regulations: Overview, Impact and Practical Tips",FinTax,2,1,,,,2,1,,2025/1/15 16:44,2025/2/7 10:49,files/20250115/f0edb5b9de5043baa094d560fa598b40.png
461,美国加密资产税务报告新规：内容、影响与对策,FinTax,1,1,,,,2,1,,2025/1/15 15:25,2025/1/15 16:44,files/20250115/9cb3521fa5f54cefaca2b91c941c5e50.png
460,Japan Plans To Reduce The Tax Rate On Crypto Assets To Promote The Development Of The Web3 Industry,FinTax,2,3,,,,2,1,,2025/1/14 12:09,2025/2/7 10:50,files/20250114/97cc9f99c1d94c22aaa0898264a9055f.png
459,日本计划降低加密资产税率以推动Web3行业发展 ,FinTax,1,3,,,,2,1,,2025/1/13 10:09,2025/1/14 12:09,files/20250113/8fae35b45daf4988894d9556a14286d4.png
458,18 U.S. States Jointly Sue the SEC: What Are the Chances for Victory? （2/2）,TaxDAO,2,1,,,,2,1,,2025/1/8 10:16,,files/20250108/36732a635ca44eca8d291d72f357119e.png
457,美国18州联合起诉SEC，双方胜算几何（下）,TaxDAO,1,1,,,,2,1,,2025/1/8 10:10,,files/20250108/7b4e92f038b14c04b0171438943acd2b.png
456,18 U.S. States Jointly Sue the SEC: What Are the Chances for Victory? （1/2）,TaxDAO,2,1,,,,2,1,,2025/1/6 9:40,,files/20250106/4cd60b88dc52469785939e1602d53b72.png
455,美国18州联合起诉SEC，双方胜算几何（上）,TaxDAO,1,1,,,,2,1,,2025/1/6 9:35,2025/1/6 9:40,files/20250106/4ba479a5237a4f17a090a1345e169a2d.png
454,FinTax 12月下半月加密合规政策报告  ,FinTax,1,3,,,,2,1,,2025/1/2 19:29,2025/2/7 9:58,files/20250207/9172bac3aab74a5b836c01aa5010c368.png
453,FinTax Crypto Compliance Policy Report for the Second Half of December ,FinTax,2,3,,,,2,1,,2025/1/2 19:28,2025/1/2 19:29,files/20250207/5c7f35bb9f824d0189c0057738ec4973.png
452,U.S. Crypto Broker Rules: A Bitter Pill or Lethal Poison?,FinTax,2,3,,,,2,1,,2025/1/1 21:50,2025/2/7 10:23,files/20250101/04e9317cf95a4d04a92e664bd3bfd0aa.png
451,美国加密经纪人规则：苦口良药还是致命毒药？ ,FinTax,1,3,,,,2,1,,2025/1/1 10:00,2025/1/1 21:50,files/20250101/1772d9e04ded44ec9fac13b67706a7bf.png
450,TaxDAO wishes you a happy New Year and may all your wishes come true!,TaxDAO,2,3,,,,2,1,,2025/1/1 9:58,2025/1/1 9:58,files/20250101/f47f2c12c7ea4e62a0b0801706762459.png
449,TaxDAO恭祝您新年快乐，心想事成！,TaxDAO,1,3,,,,2,1,,2025/1/1 9:56,2025/1/1 9:58,files/20250101/36a032e7535440d2a83b95496a7fdf42.png
448,Hong Kong Commits to Implementing CARF: What Impacts Will Aligning Regulations with International Standards Bring?,FinTax,2,3,,,,2,1,,2024/12/30 13:30,2025/2/7 10:52,files/20241230/72f2dab354f4487d9500c8f260657dce.png
447,香港承诺实施CARF：监管接轨国际，将带来哪些影响？,FinTax,1,3,,,,2,1,,2024/12/30 13:26,2024/12/30 13:30,files/20241230/1b5a663137384f09ad3c280a601e9625.png
446,FinTax Telegram Mini App Is Officially Recommended by TON: Leading the Future of Crypto Financial Management and Tax Filing,FinTax,2,3,,,,2,1,,2024/12/28 10:03,2024/12/28 10:07,files/20241228/576012836f59499c9fe85c2777370842.png
445,FinTax Telegram Mini App获TON官方推荐,FinTax,1,3,,,,2,1,,2024/12/27 21:06,2024/12/28 10:03,files/20241227/e6039021ca9e4c65aca2a611c2b7067b.png
444,The Dream of Sudden Wealth from Meme Coins: The Dangerous Tax Traps in the $140 Billion Market,FinTax,2,3,,,,2,1,,2024/12/25 19:17,2025/2/7 10:53,files/20241225/25047ec080b4497d90f1493025cf82a6.png
443,Meme币暴富梦背后：1400亿美元市场中的致命税务陷阱,FinTax,1,3,,,,2,1,,2024/12/25 19:14,2024/12/25 19:17,files/20241225/9ab3af8a9a094372836f25a0303e1137.png
442,The Tax Predicament of South Korea's 'Cryptocurrency King': The Story Behind Do Kwon's 100 Billion Tax Bill,FinTax,2,3,,,,2,1,,2024/12/23 12:44,2024/12/23 12:44,files/20241223/6d0355ff025f488e80ffafbd4b807823.png
441,韩国加密货币之王的税务困局：Do Kwon被追缴千亿税款始末,FinTax,1,3,,,,2,1,,2024/12/23 10:19,2024/12/23 12:44,files/20241223/c01400bac9b44aebbe72d3cca3e5a1c8.png
440,$40 Million for a Lesson? A Look Back at MicroStrategy CEO Saylor’s Tax Settlement,FinTax,2,3,,,,2,1,,2024/12/20 11:56,2024/12/23 12:44,files/20241220/8f86108ddf8a4bacb7ff72343505b7d7.png
439,4000万美元买1个教训？回看微策略CEO Saylor的税务和解案,FinTax,1,3,,,,2,1,,2024/12/20 11:53,2024/12/23 12:44,files/20241220/4ff4e591cf1b46c6acf74b65ae2724c7.png
438,FinTax 12月上半月加密合规政策报告  ,FinTax,1,3,,,,2,1,,2024/12/18 17:16,2024/12/18 17:18,files/20250207/04ef0983e5424b7da9e60c2e4af6a6f6.png
437,FinTax Crypto Compliance Policy Report for the First Half of December  ,FinTax,2,3,,,,2,1,,2024/12/18 17:10,2024/12/18 17:11,files/20250207/3def5fb420ce4d2bb816e09dad102908.png
436,"$4 Million Bitcoin Tax Evasion! DOJ Takes Action for the First Time, Sparking Intense Debate in the Crypto Community ",TaxDAO,2,3,,,,2,1,,2024/12/18 2:21,2024/12/18 9:12,files/20241217/680978d9a216424a84a0c1a8d567d93e.png
435,400万美元比特币交易逃税！美司法部首次出手，引发加密社区激烈讨论,TaxDAO,1,3,,,,2,1,,2024/12/18 2:18,2024/12/18 2:21,files/20241217/0184d22d4ad7412c8f8719272f6ca80f.png
434,IRS vs. Bitcoin Jesus: A $48 Million Tax Dispute!,TaxDAO,2,3,,,,2,1,,2024/12/16 16:31,2024/12/16 16:32,files/20241216/f250a545cf964b6eb2e210b39abbbd4e.png
433,美国国税局VS比特币耶稣：4800万美金巨额税务争议！,TaxDAO,1,3,,,,2,1,,2024/12/16 9:00,2024/12/16 16:31,files/20241216/797592ee827b4c1d89d67649a79612ce.png
432,French Senate Proposes Taxing Unrealized Gains: New Challenges for Cryptocurrency Investors,TaxDAO,2,1,,,,2,1,,2024/12/9 10:40,2024/12/9 10:40,files/20241209/91463ca3bac04f6f905b8718b5a1ea41.png
431,法国拟对未实现加密货币收益征税 | 法案详解,TaxDAO,1,1,,,,2,1,,2024/12/9 10:31,2024/12/9 10:40,files/20241209/ba337a275569486aad64e0f7c0e7fca1.png
430,From Rejection to Acceptance: Denmark's Major Shift in Cryptocurrency Policy,TaxDAO,2,1,,,,2,1,,2024/12/4 12:38,,files/20241204/1605bc2833804e5b91ca28d6fc269521.png
429,从排斥到接纳：丹麦加密政策大转向,TaxDAO,1,1,,,,2,1,,2024/12/4 12:12,2024/12/4 12:38,files/20241204/9a922192c750400abdb616833bc6eb72.png
428,FinTax 11月下半月加密合规政策报告 ,FinTax,1,1,,,,2,1,,2024/12/2 19:04,2024/12/2 19:08,files/20250207/ea173cf54f18401c9ece21b23ed2c3ac.png
427,FinTax Crypto Compliance Policy Report for the Second Half of November ,FinTax,2,1,,,,2,1,,2024/12/2 19:01,2024/12/2 19:04,files/20250207/95f1028d37c544ddaabf6641343ace95.png
426,Proposal for Tax Exemption Policy in Hong Kong: A Positive Move for Cryptocurrency,FinTax,2,3,,,,2,1,,2024/12/2 9:46,2025/2/7 10:57,files/20241202/253cf09843d64f85b17f58636922ebb8.png
425,香港计划免税政策提案：加密货币迎利好,FinTax,1,3,,,,2,1,,2024/12/2 9:35,2024/12/2 9:46,files/20241202/171ef04b24f54ec18a3f433bcc20232c.png
424,The Ideal Choice for Digital Nomads: Portugal's Crypto Asset Taxation and Regulatory System,TaxDAO,2,1,,,,2,1,,2024/11/27 10:12,2024/11/27 10:12,files/20241127/a4efb7c0ec4c4893b4f7821490d9f1db.png
423,数字游民的理想选择：葡萄牙加密资产税收与监管制度,TaxDAO,1,1,,,,2,1,,2024/11/27 10:05,2024/11/27 10:12,files/20241127/8af002ad225d4a2db1618ce51ff3d3dd.png
422,Research on Stablecoin Regulatory Policies in Major Countries and Regions,TaxDAO,2,1,,,,2,1,,2024/11/24 18:30,2024/11/24 19:43,files/20241124/0e82e60f565c42eab61f79b0dd55c923.png
421,部分国家和地区稳定币监管政策研究专题,TaxDAO,1,1,,,,2,1,,2024/11/24 17:16,2024/11/24 17:16,files/20241124/346d611c04554dbd97ca8aa32f6c375c.png
419,Russia Implements Two-Stage Taxation on Cryptocurrency Mining Income ,FinTax,2,3,,,,2,1,,2024/11/18 9:26,2024/11/18 9:53,files/20241118/301ce088e4424334ac562b7bbc52d386.png
418,俄罗斯：拟对挖矿收入分阶段征收两次税款,FinTax,1,3,,,,2,1,,2024/11/18 9:23,2024/11/18 9:26,files/20241118/5e48cea343524891ac1f84fe147571e5.png
417,FinTax Crypto Compliance Policy Report for the First Half of November ,FinTax,2,1,,,,2,1,,2024/11/17 10:45,2024/11/17 10:48,files/20250207/ac8e5ef022b14a04892e78fedfea6e4d.png
416,FinTax 11月上半月加密合规政策报告 ,FinTax,1,1,,,,2,1,,2024/11/17 10:41,2024/11/17 10:41,files/20250207/9c8da825ad954e589e57c402fedc7423.png
415,Kenya Revenue Authority Takes Bold Steps: Tech Upgrades Aim for Precise Crypto Asset Taxation,TaxDAO,2,3,,,,2,1,,2024/11/13 9:29,,files/20241113/188776306c0b431a900ee06ef09256ee.png
414,肯尼亚征收巨量加密税：技术升级帮助精准征税,TaxDAO,1,3,,,,2,1,,2024/11/13 9:19,2024/11/13 9:22,files/20241113/7b2499d6b7a647a1b9633c732bc40d11.png
413,Israel May Increase Taxation on Crypto Assets,FinTax,2,3,,,,2,1,,2024/11/11 10:11,2024/11/13 9:24,files/20241111/bc61c385d6d94830ba087b7948c239ac.png
412,以色列或将增大对加密资产的课税力度,FinTax,1,3,,,,2,1,,2024/11/11 9:00,2024/11/13 9:24,files/20241111/dd111fc8c42d4076ba430a11ccafe165.png
411,Innovative Approaches to Crypto-Finance Strategy: An In-Depth Look at the Qatar Financial Centre's Digital Asset Framework,TaxDAO,2,1,,,,2,1,,2024/11/6 10:03,2024/11/13 9:24,files/20241106/f335d7baf3254bb196c25f3e021daba9.png
410,加密金融战略的革新之道——卡塔尔金融中心数字资产框架详解,TaxDAO,1,1,,,,2,1,,2024/11/6 9:54,2024/11/6 10:03,files/20241106/ce52a200dffe4421b832b3fb71649927.png
409,"Evolution, Regulation and Opportunity: Where will crypto assets go amid  the wave of the U.S. presidential election?",TaxDAO,2,3,,,,2,1,,2024/11/6 9:39,,files/20241106/3b4802a6602e43278a6a5c573b9d64cb.png
408,沿革、监管与机遇：美国大选浪潮下加密货币何去何从？,TaxDAO,1,3,,,,2,1,,2024/11/5 11:43,2024/11/6 9:39,files/20241105/3b656f536ad3409eacdc4f838ff46c32.png
407,FinTax Financial Advisory Services: Help Wealth Management Secure and Compliant.,TaxDAO,2,3,,,,2,1,,2024/11/4 9:48,,files/20241104/71ff0631e2854e87bd77480b7e486667.png
406,FinTax财务顾问服务：助您合规、安全管理金融资产！ ,TaxDAO,1,3,,,,2,1,,2024/11/4 9:38,2024/11/4 9:48,files/20241104/ee8de3623d624a39b24bad926da50a2d.png
405,Colorado: A Welcoming and Inclusive Hub for Cryptocurrency and Technology Enterprises,TaxDAO-Carlton,2,1,,,,2,1,,2024/10/30 9:07,2024/10/30 9:18,files/20241030/69b7bd20cb0f46339950cb94db027721.png
404,​​​科罗拉多州：包容、开放的加密科技企业高地,TaxDAO,1,1,,,,2,1,,2024/10/30 0:38,2024/10/30 0:38,files/20241029/555f20126c5e4e6d9e942d0a7ba1795d.png
403,Denmark Proposes First-Ever Tax on Unrealized Capital Gains for Cryptocurrency: Strategic Intentions and Potential Impact,TaxDAO,2,3,,,,2,1,,2024/10/28 0:41,2024/10/28 0:42,files/20241027/14f35160ca2c4818a90b9b765fed2d40.png
402,丹麦拟首推加密货币未实现资本利得税：战略意图与潜在影响,TaxDAO,1,3,,,,2,1,,2024/10/28 0:26,2024/10/28 0:28,files/20241027/b2c3b789998d4f8182666e54e5f3fa82.png
401,Why Texas is a Hub for Crypto Companies: A Tax and Regulatory Perspective,TaxDAO,2,1,,,,2,1,,2024/10/22 21:46,2024/10/23 8:56,files/20241022/c0f964ec533443d9bea39bec9d13c72e.png
400,得克萨斯州何以备受加密企业青睐：基于税务与监管的视角,TaxDAO,1,1,,,,2,1,,2024/10/20 17:06,2024/10/22 21:46,files/20241020/0ec1c9e6cdef46f3a7852bb66d79224a.png
399,意大利大幅提升加密交易资本利得税 有何用意？,TaxDAO,1,3,,,,2,1,,2024/10/20 17:02,2024/10/21 9:05,files/20241020/df0d95925da5448b80f867939c09a3b6.png
398,Italy's Crypto Policy Analysis: A Duet of Taxation and Regulatory Innovation ,TaxDAO,2,1,,,,2,1,,2024/10/16 0:05,2024/10/16 0:16,files/20241015/b01efcffaa3d493db51591dc7aed9be8.png
397,意大利加密政策解读：税收与监管创新的双重奏,TaxDAO,1,1,,,,2,1,,2024/10/15 23:53,2024/10/16 0:05,files/20241015/68172e87f9ce4b7ea839f98fe0b84fa6.png
396,How to Obtain a License to Operate a Stablecoin Business in Hong Kong? Understanding the Hong Kong Government's Stablecoin Regulatory Framework,TaxDAO,2,1,,,,2,1,,2024/10/14 12:32,2025/2/8 10:17,files/20241014/e0355d1cd463470f9fcca9e2c0215910.png
395,在香港如何持牌开展稳定币业务？读懂港府稳定币监管,TaxDAO,1,1,,,,2,1,,2024/10/14 10:34,2024/10/14 12:32,files/20241014/31d1fc9ff003434b9f674c08a07232bc.png
394,阿联酋：将豁免加密金融服务的增值税,TaxDAO,1,2,,,,2,1,,2024/10/11 8:55,,files/20241011/cf89cdb9cfe24845860f60cafe0e7046.png
393,On-Chain India: A Detailed Analysis of India's Cryptocurrency Taxation and Regulatory Policies ,TaxDAO,2,1,,,,2,1,,2024/10/6 22:18,2024/10/9 8:59,files/20241006/d8884899594049fe89d6e2e081004756.png
392,链上天竺：印度加密资产税收与监管政策详解,TaxDAO,1,1,,,,2,1,,2024/10/6 21:28,2024/10/6 22:18,files/20241006/393af3149b9c42ada6efd13ca681ac03.png
391,Qatar's Major Advancements in the Cryptocurrency Sector: Policy Innovation and Regulatory Reinforcement ,TaxDAO,2,1,,,,2,1,,2024/10/6 21:26,2024/10/7 9:00,files/20241006/493a5ca4e494454b9f9d941a2073e796.png
390,卡塔尔加密货币领域迎重大进展：政策革新与监管强化,TaxDAO,1,1,,,,2,1,,2024/10/6 21:16,2024/10/6 21:26,files/20241006/58e17db3cdd6402d91cf349be57554d8.png
389,Understanding Crypto AML in One Article:  International Regulatory Frameworks and Increasingly Strict Disclosure Obligations,TaxDAO,2,1,,,,2,1,,2024/10/1 22:55,2024/10/2 9:05,files/20241001/8bc173b7e41048599a1152ef74dc4cd3.png
388,一文读懂Crypto反洗钱：国际监管框架和愈发严格的信息披露义务,TaxDAO,1,1,,,,2,1,,2024/10/1 22:48,2024/10/2 9:05,files/20241001/d68ac7efe5bb412893fd9199e4f92255.png
387,FinTax Officially Launches on DxPool: Seamless Compliance for Mining Income Reporting,TaxDAO,2,3,,,,2,1,,2024/10/1 20:59,2024/10/1 21:00,files/20241001/9adeff077c8f4885b15d3a917eeede3e.png
386,FinTax正式上线DxPool：轻松合规申报挖矿收入,TaxDAO,1,3,,,,2,1,,2024/10/1 20:50,2024/10/1 20:59,files/20241001/e2bd066cf15b4703b5969977f384c007.png
385,私募加密基金专题：私募加密基金基本情况、监管规则与税务政策概述,WolfDAO&TaxDAO,1,1,,,,2,1,,2024/9/29 23:40,2024/9/30 8:56,files/20240929/e6543283a39e43fa86455b800be0934c.png
384,"Special Topic on Private Crypto Fund : Overview of Basic Information, Regulatory Rules, and Tax Policies for Private Crypto Funds",WolfDAO & TaxDAO & Lava Capital SPC,2,1,,,,2,1,,2024/9/29 23:30,2024/9/29 23:33,files/20240929/d8a2b65582544dfa8dcaaa6f05a5612a.png
381,Open and Friendly: Germany's Crypto Asset Tax and Regulatory Regime ,TaxDAO,2,1,,,,2,1,,2024/9/25 8:55,2024/9/25 8:56,files/20240925/4fbf48bb4a044d2ca81a10815623d0ef.png
380,Dissecting the Latest Crypto Tax Information Exchange Consensus: How will CARF Be Implemented?,TaxDAO,2,1,,,,2,1,,2024/9/23 8:55,2024/9/23 8:55,files/20240923/b9b1f183122a4d0b9ee5a3390201d9af.png
379,解析最新加密税信息交换共识：CARF将如何落实？ ,TaxDAO,1,1,,,,2,1,,2024/9/22 17:36,2024/9/23 8:55,files/20240922/c1a1300e7d16411492a657a4657a7b81.png
378,开放而友好：德国加密资产税收与监管制度 ,TaxDAO,1,1,,,,2,1,,2024/9/22 17:35,2024/9/25 8:56,files/20240922/8dc6ffc26c3d42969d802225995f1896.png
377,FinTax Will Participate in Token2049 at Booth K23,TaxDAO,2,3,,,,2,1,,2024/9/15 20:57,2024/9/16 9:00,files/20240915/e8920e3e37a447f5be53811d35a3ca6c.png
376,Crypto Asset Taxation and Regulatory System in "Tax Haven" Switzerland,TaxDAO,2,1,,,,2,1,,2024/9/15 20:56,2024/9/18 9:00,files/20240915/9235fa9fd097459a81ba62a58621472b.png
375,FinTax参展Token2049 K23展位,TaxDAO,1,3,,,,2,1,,2024/9/15 20:24,2024/9/15 20:57,files/20240915/b32aa08d284a46888cd6bf0f4509e4db.png
374,“避税天堂”瑞士的加密资产税收与监管制度,TaxDAO,1,1,,,,2,1,,2024/9/15 20:22,2024/9/15 20:56,files/20240915/aed97a2596d34d68b8b8995a21773e87.png
373,FinTax to Attend CAPITALX 2024 Capital Markets Conference ,TaxDAO,2,3,,,,2,1,,2024/9/11 23:12,2024/9/11 23:13,files/20240911/8c8f2127680a4530a5d780ceee86d745.png
372,FinTax将出席 CAPITALX 2024 资本市场大会,TaxDAO,1,3,,,,2,1,,2024/9/11 9:09,2024/9/11 23:13,files/20240911/523949699cb244f88acba188b6e5e9ce.png
371,币安账户为何受限？解码资产来源证明制度,TaxDAO,1,1,,,,2,1,,2024/9/11 8:49,2024/9/11 9:00,files/20240911/94a6a6088de14b9cb887c361728f69c4.png
370,双高人士、境外所得或将成个税核查重点,TaxDAO,1,1,,,,2,1,,2024/9/9 9:06,2024/9/9 9:06,files/20240909/2b6c2680310c450ca29982d67772c306.png
369,Crypto Asset Taxation and Regulatory System in "Tax Haven" Switzerland,TaxDAO,2,1,,,,1,1,,2024/9/8 22:36,2024/9/9 11:38,files/20240908/0bf455283c0347bab318801ceb196189.png
368,Double-high Individuals and Offshore Income May Become the Focus of Personal Tax Verification,TaxDAO,2,1,,,,2,1,,2024/9/8 22:31,2024/9/9 9:06,files/20240908/eda73065f1d043f0a6f1496a9eb30a32.png
367,加密企业应怎样回复美国证监会质询：来自Bitdeer的合规启示,TaxDAO,1,1,,,,2,1,,2024/9/2 9:27,2024/9/4 13:44,files/20240902/ad5049d49e97435686c03fb58f3a74ee.png
366,在市场波动中“破茧成蝶”：比特小鹿财报分析,TaxDAO,1,1,,,,2,1,,2024/9/2 9:00,2024/9/2 9:00,files/20240902/713a926e21d946f3b3d10ea2674ee286.png
365,Breaking into a butterfly amidst market volatility--analysis of Bitdeer's financial results,TaxDAO,2,1,,,,2,1,,2024/9/1 20:17,2024/9/2 9:55,files/20240902/163d94839ba04ff8a0b9f7ae24d9203b.png
364,How Crypto Firms Should Respond to SEC Interrogatories --Compliance Insights from Bitdeer,TaxDAO,2,1,,,,2,1,,2024/9/1 20:01,2024/9/2 10:17,files/20240901/a7e8844e05c94a579d21352a2b784727.png
363,BTC和ETH在美国是商品吗——从CFTC诉Ikkurty案讲起,TaxDAO,1,1,,,,2,1,,2024/8/25 20:24,2024/8/27 11:49,files/20240830/773b9b6317d949598ee0bb389b7f19d0.png
362,Are BTC and ETH Commodities in the US - From CFTC v. Ikkurty,TaxDAO,2,1,,,,2,1,,2024/8/25 15:38,2024/8/26 13:52,files/20240826/b14018d11d0c4ce0bda1f8b8a9e1d2e3.png
361,FinTax Partners with DxPool: Simplifying the Management and Reporting of Your Mining Income,TaxDAO,2,3,,,,2,1,,2024/8/23 8:57,2024/8/23 8:57,files/20240823/14e93926806c4627998ff4c31ac1d394.png
359,FinTax与DxPool达成战略合作：轻松管理申报您的挖矿收入,TaxDAO,1,3,,,,2,1,,2024/8/22 22:01,2024/8/23 9:02,files/20240829/6156004e132945e6a612c07b72591428.png
358,How to use reconciliation system to get out of tax dispute dilemma?,TaxDAO,2,1,,,,2,1,,2024/8/19 9:48,2024/8/25 20:28,files/20240819/42d281e4aaa14ebeac9b57f46b97830a.png
357,Web3企业如何利用税务和解制度解决税务争议：以FTX和MicroStrategy为例,TaxDAO,1,1,,,,2,1,,2024/8/18 11:33,2024/8/18 11:34,files/20240830/0d7b0ff6eb5447a08b24e0e797605deb.png
356,Into the "Blockchain Island" of Malta: Crypto Taxation and Regulation,TaxDAO,2,1,,,,2,1,,2024/8/12 11:18,2024/8/25 20:28,files/20240830/811c5d7e07ea48caa3f66474572399d2.png
355,与世界经济论坛一同重新审视全球加密货币监管,Conrad Eliott,1,2,,,,2,1,,2024/8/11 16:50,2024/8/11 16:50,files/20240830/40ef22438c414313bac426d4aa74ec03.png
354,走进“区块链岛”马耳他：加密税收与监管,TaxDAO,1,1,,,,2,1,,2024/8/11 16:46,2024/8/11 16:47,files/20240830/21260bee87474ee49bda69c1e9fc3ebe.png
353,Open and Regulated Swedish Cryptocurrency Tax System：Overview and outlook,TaxDAO,2,1,,,,2,1,,2024/8/7 16:00,2024/8/30 10:44,files/20240830/821cd06b08be444d99881ec712a471f7.png
352,欧盟新法律恐将让DeFi站上分叉路口,TaxDAO,1,2,,,,2,1,,2024/8/4 16:32,2024/8/4 16:32,files/20240830/470bf44c31b349a7b164c5f2ab50de49.png
351,开放而规范的瑞典加密税制：概述与展望,TaxDAO,1,1,,,,2,1,,2024/8/4 16:30,2024/8/4 16:30,files/20240830/c6baa68458f046cc8fd06b60ffb414bf.png
350,Get Started Now | FinTax Officially Supports Crypto Assets Tax ,TaxDAO,2,3,,,,2,1,,2024/8/1 19:36,2024/8/1 19:36,files/20240829/1692db9ecf624d959f29b6481e0886fd.png
349,立即体验 | FinTax 正式支持加密资产在澳大利亚的税务申报,TaxDAO,1,3,,,,2,1,,2024/8/1 19:34,2024/8/2 9:20,files/20240829/11e6447d24c840abba00cc6ff7365fbc.png
348,TaxDAO对新西兰联邦储备银行Digital cash in New Zealand咨询的回复,TaxDAO,1,3,,,,2,1,,2024/7/30 22:12,2024/7/30 22:12,files/20240830/a9051cd561a8482d91f7d4640c926e0d.png
347,Beyond the CBDC: How the New Zealand Government Taxes Cryptocurrencies,TaxDAO,2,1,,,,2,1,,2024/7/29 10:12,2024/7/29 16:38,files/20240729/40802861f536434da546242a350c2e71.png
345,TaxDAO's Response to the Reserve Bank of New Zealand consultation paper Digital cash in New Zealand ,TaxDAO,2,3,,,,2,1,,2024/7/28 19:26,2024/7/29 9:01,files/20240822/49564b78ed944d65a872892b0637d2c6.png
344,DAC 8：欧盟加密资产报告新监管框架,Chris Armstrong; Szabolcs Toth ,1,2,,,,2,1,,2024/7/28 19:08,2024/7/29 9:01,files/20240830/03010d8c1a56489d829fea6c7fa6da78.png
343,CBDC之外：新西兰政府如何对加密货币课税？,TaxDAO,1,1,,,,2,1,,2024/7/28 19:05,2024/7/29 9:01,files/20240830/7cef44be230443d1971c88241c762c15.png
341,Research on the taxation and regulatory regime of crypto assets in South Africa,TaxDAO,2,1,,,,2,1,,2024/7/22 9:41,2024/8/30 15:11,files/20240722/62eda2ecba91487d95d3e8f198711c0d.png
340,英国将于7月推出新的稳定币和加密货币法律,News Publisher,1,2,,,,2,1,,2024/7/21 19:26,2024/8/30 15:10,files/20240830/96f31152799e4032828684bd68e0b90a.png
339,南非加密资产税收与监管制度研究,TaxDAO,1,1,,,,2,1,,2024/7/21 18:29,2024/7/21 18:30,files/20240830/fcc3a9cf7dd4420b9581b3ce07d73389.png
338,The Battle of the East in the Location of Multinational Crypto Firms (III): HQ Location for Centralized Cryptocurrency Exchanges,TaxDAO,2,1,,,,2,1,,2024/7/20 18:46,2024/8/30 11:03,files/20240830/5dd931dbcb5f45adbb3806edd8224a92.png
337,USDC超越USDT：合规是稳定币占据主导地位的关键,Daniel Ramirez Escudero,1,2,,,,2,1,,2024/7/14 17:32,,files/20240714/15616f0c064742b4abd4af7680b833f2.png
336,跨国加密企业选址的东方之争（三）：中心化加密货币交易所的总部选址,TaxDAO-Ray,1,1,,,,2,1,,2024/7/14 17:30,2024/7/20 18:46,files/20240830/eea67a973deb43f39888a094a4ab9fc9.png
335,FinTax Launched Telegram Mini-App,TaxDAO,2,3,,,,2,1,,2024/7/12 9:00,2024/7/12 9:18,files/20240829/5a71324f482d4b508128aef3db787915.png
334,Canaan Technology Financial Report Analysis: How Can Mining Enterprises Survive the Bull and Bear Cycle?,TaxDAO,2,1,,,,2,1,,2024/7/11 22:54,2024/8/30 15:21,files/20240711/10efaab82c9c4213985124d4a07c7991.png
333,加密货币报税时如何确定成本基础？,Onkar Singh,1,2,,,,2,1,,2024/7/7 16:46,2024/8/30 15:12,files/20240830/cc72e87487ee44fcbaea83da873101f3.png
332,嘉楠科技财报分析：矿企如何穿越牛熊周期？,TaxDAO-Nandin WU,1,1,,,,2,1,,2024/7/7 16:42,2024/7/7 16:42,files/20240830/5db036713c90466faea4dd430d6aad0b.png
331,What taxes are involved in mining in Nigeria? Nigerian Crypto Tax Study,TaxDAO,2,1,,,,2,1,,2024/7/2 21:13,2024/7/2 21:39,files/20240702/fe7a610d800c408eb8ed056ff6ac6bdf.png
330,"About FIT21: Background, Content and Implications",TaxDAO,2,1,,,,2,1,,2024/7/2 20:40,2024/7/2 21:39,files/20240830/7b72f6d1c38347e3ba8d58b37376f818.png
329,2024年，哪些国家和地区可免缴加密税？,Sandhya Deepak,1,2,,,,2,1,,2024/6/30 19:00,2024/6/30 19:01,files/20240830/0287c01fc7404ad7b3edfcf163df3a35.png
328,在尼日利亚挖矿涉及哪些税？尼日利亚加密税研究,TaxDAO,1,1,,,,2,1,,2024/6/30 18:35,2024/6/30 19:01,files/20240830/ced4b3064d7547ada07434fe33ff077d.png
327,什么是FIT21加密货币法案——为什么它如此重要,Mensholong Lepcha,1,2,,,,2,1,,2024/6/23 18:01,2024/6/23 18:04,files/20240830/44344a16d2e544448a5874e8bd628d33.png
326,关于FIT21法案：背景、内容与影响 ,TaxDAO-Ray,1,1,,,,2,1,,2024/6/23 17:59,2024/6/23 18:07,files/20240830/07ee79037f2c43b2b08c89d602ceaf21.png
325,How does the U.S. government regulate stablecoins? Research based on the FIT21 Act and state legislation,TaxDAO,2,1,,,,2,1,,2024/6/23 15:00,2024/6/24 11:34,files/20240830/f147d93868954c18bb64bdafd9b99654.png
324,MiCA第一部分正式生效：欧盟加密资产的新起点,Romain Swertvaeger ， Clément Robert,1,2,,,,2,1,,2024/6/16 19:05,2024/8/30 15:41,files/20240830/ba6eac3490af4bd0a795108ab8d0c710.png
323,美国政府如何监管稳定币？基于FIT21法案和州立法的研究,TaxDAO-Athena,1,1,,,,2,1,,2024/6/16 19:04,2024/6/23 15:00,files/20240830/7fabd84bad79487396a038c3abde073f.png
322,FinTax Snap Launch: One-Click MetaMask Data Import,TaxDAO,2,3,,,,2,1,,2024/6/13 23:17,2024/6/14 9:15,files/20240829/404953ed88474dc399ac939e909b22ff.png
321,FinTax Snap上线：一键导入MetaMask数据,TaxDAO,1,3,,,,2,1,,2024/6/13 23:13,2024/6/13 23:17,files/20240829/825883abcc58443693c917484f560244.png
320,How do I sign up to manage a DAO? Research on DAO Registration and Governance under Delaware Corporate Law,TaxDAO,2,1,,,,2,1,,2024/6/11 12:09,2024/8/30 11:55,files/20240830/2f80b8c662a94f149deb530c18079878.png
319,链上安第斯（四） | 墨西哥加密税制与监管前沿动态分析,FinTax,1,1,,,,2,1,,2024/6/11 11:15,2024/6/11 11:18,files/20240830/4e0e4ef2895145ab82d78a6347c595c7.png
318,链上安第斯（三） | 智利加密税制现状、变革与市场前瞻,FinTax,1,1,,,,2,1,,2024/6/11 11:14,2024/6/11 11:17,files/20240830/48bdbd1978e547df8d58e5cccef80aef.png
317,What are the taxes involved in mining in Egypt? Tax research on mining enterprises,TaxDAO,2,1,,,,2,1,,2024/6/11 11:07,2024/6/11 11:11,files/20240611/f2774e1d813b492f828913fd6639a7ce.png
316,在埃及挖矿涉及哪些税？矿企税务研究,TaxDAO,1,1,,,埃及的加密税制：了解挖矿与投资税务细节，展望监管趋势。,2,1,,2024/6/9 14:59,2024/6/11 11:07,files/20240609/2b687f0421e04d32b46aec9cc5c2846c.png
315,IRS 1099-DA表格预览版：谁将申报 传递了什么监管信息？,Jason Bramwell,1,2,,,美国国税局发布1099-DA草案，加密货币经纪商须申报数字资产交易，为税务合规铺路。,2,1,,2024/6/9 14:58,2024/8/30 15:47,files/20240830/602e65c5a0684d3db0799ef714e5e40b.png
314,如何注册管理DAO？特拉华州公司法下DAO注册与治理研究,TaxDAO-Athena、Ray,1,1,,,,2,1,,2024/6/3 16:47,2024/6/11 12:09,files/20240603/e7ddc153b9c34f0984fa8d8bf8435431.png
313,Canada's adjusted capital gains tax rate: High-net-worth investors may be affected,TaxDAO,2,1,,,,2,1,,2024/6/2 23:17,2024/6/3 9:44,files/20240602/ddffa8cdd955460f83b4a7291d5b7a38.png
312,Does the DAO pay taxes? Research on legal status and tax obligation of DAO and its internal members,TaxDAO,2,1,,,,2,1,,2024/6/2 23:13,2024/6/3 9:42,files/20240602/71113862935b46acadd53cfec8187cbb.png
311,俄罗斯新法案：拟禁止个人加密货币流通 仍允许挖矿,TaxDAO,1,1,,,,2,1,,2024/5/31 18:53,2024/8/30 15:49,files/20240830/7bfcf89303f44005abeff637a3aeb92a.png
310,埃塞俄比亚：从禁止加密活动到合规监管,"Shogo Ishida, Yosuke Yoshida",1,2,,,,2,1,,2024/5/31 18:52,2024/8/30 15:50,files/20240830/db5f7635569a475fae835b6af8a25353.png
309,阿肯色州参议院批准了七项监管加密货币挖矿的可能法案,TESS VRBIN,1,2,,,,2,1,,2024/5/31 18:45,,files/20240531/cdabbf30cf444a7b8e366fd85ca82222.png
308,美国破产法庭正促进加密货币法律框架完善,"Eric Monzo, Tara Pakrouh",1,2,,,,2,1,,2024/5/26 23:18,,files/20240526/0398eb5650f5486c8815805e38d327cf.png
306,DAO要纳税吗？DAO及内部成员法律地位与税收义务研究,TaxDAO-Athena,1,1,,,,2,1,,2024/5/26 23:16,2024/6/2 23:13,files/20240526/1abcbe116c114e5ead5686c630cf4e9d.png
305,Australia: Crypto exchanges are required to provide personal data for up to 1.2 million accounts,TaxDAO,2,1,,,,2,1,,2024/5/19 18:41,2024/5/23 19:31,files/20240830/be276528109948feab4caa36ef0242df.png
304,Miners Shift to AI: New Opportunities After Bitcoin Halving?,TaxDAO,2,1,,,,2,1,,2024/5/19 18:07,2024/5/23 19:32,files/20240519/add0420fdd264213bd207211251f6986.png
303,FinTax Launches in Hong Kong:  InTax Software Fully Upgraded to FinTax,TaxDAO,2,3,,,,2,1,,2024/5/19 13:56,2024/5/19 14:05,files/20240829/2cbadde7afc74188a1ee918fc68256f1.png
302,香港加密资产报税软件首发：InTax全面升级为FinTax,TaxDAO,1,3,,,,2,1,,2024/5/19 13:54,2024/5/19 13:56,files/20240829/28ced24f6fd4475aadf9db4b6d38cd31.png
301,加拿大调整资本利得税税率：高净值投资者或受影响,TaxDAO,1,2,,,,2,1,,2024/5/19 13:50,2024/5/26 23:17,files/20240830/f066232cf30e49fb84760b1294b32393.png
300,矿企转向AI：比特币减半后的新机遇？,TaxDAO,1,1,,,,2,1,,2024/5/12 16:24,2024/5/12 16:25,files/20240512/0465a84c5afc45efb9f063024065806a.png
299,澳大利亚：加密交易所须提供多达120万个账户的个人数据,TaxDAO整理,1,2,,,,2,1,,2024/5/12 16:23,2024/5/19 18:41,files/20240830/34c23f35e3954daa87e18b46b0510f9f.png
298,法律体系与加密货币：日渐合规化的美国市场,Michael Hiltzik,1,1,,,加密货币的合规之路迎来挑战，美国立法者与司法机构在今年3月和4月都加紧了对行业的监管。,2,1,,2024/5/12 16:22,,files/20240512/e39349f6385d4356a31e8bf92a64adb3.png
297,"IRS Releases Draft 1099-DA,Analysis of the key points of the declaration",TaxDAO,2,1,,,,2,1,,2024/5/12 13:29,2024/5/12 13:33,files/20240830/8ce45b94a4784636bb02be4edc11981c.png
296,"Half a year after DAC8 was approved, how is the progress of EU crypto tax transparency?",TaxDAO,2,1,,,,2,1,,2024/5/5 21:54,2024/5/5 23:15,files/20240505/a488fb1fcf604c8c8c6ed26bc4ba13a1.png
295,Click to Subscribe | TaxDAO Cryptocurrency Compliance Policy Report and Official Telegram Channel,TaxDAO,2,3,,,,2,1,,2024/5/5 20:51,2024/8/22 11:40,files/20240830/ac231506bb7a43ad8aed4f5813198fda.png
294,点击订阅丨TaxDAO加密合规政策报告与官方Telegram频道,TaxDAO,1,3,,,,2,1,,2024/5/5 20:49,2024/5/5 20:51,files/20240830/71107a10a8a5458482db6a20fda34b47.png
293,葡萄牙2024加密税合规完整指南,Miguel Pinto Correia,1,2,,,,2,1,,2024/5/5 20:41,2024/5/5 20:42,files/20240830/8ad96075d22641e7a106a3ee0c661222.png
292,一文了解：您的加密交易有哪些纳税义务？,Crypto Hustle,1,2,,,,2,1,,2024/5/5 20:39,2024/5/5 20:43,files/20240505/229617992c6b418e894d8bf53af5267b.png
291,IRS发布1099-DA草稿，申报要点解析,TaxDAO,1,1,,,美国国税局(IRS)于4月19日发布第一个专用于数字资产交易的税务报表草案1099-DA，1099-DA表格将适用于2025年的纳税申报制度，旨在报告经纪人(Broker)交易的数字资产收益。本文就表格内容进行梳理和解读。,2,1,,2024/5/5 20:29,2024/5/5 20:31,files/20240830/1e6cb5feeaf94f929ac3041db38b3338.png
290,U.S. Accuses 'Bitcoin Jesus' Roger Ver with Tax Fraud: Stricter Cryptocurrency Tax Regulation Is a Growing Trend,TaxDAO,2,3,,,,2,1,,2024/5/1 17:31,2024/5/1 17:33,files/20240501/e0a77c0b52494718a294aa9d88c0f1dc.png
289,美国指控“比特币耶稣”逃税：加密税监管趋严已成趋势,TaxDAO,1,3,,,当地时间4月30日，“比特币耶稣”罗杰·Ver（Roger Ver）因涉嫌逃税和欺诈，涉案金额接近5000万美元而被IRS起诉。IRS于其官网公布了对Ver的起诉书，本文探讨案件基本事实、法律影响以及对加密行业可能带来的合规监管启示。,2,1,,2024/5/1 17:30,2024/5/1 17:31,files/20240830/186ca87c881140959b7a4b9576715f21.png
288,Ethiopia has become a mining hotspot Tax-related analysis of mining enterprises,TaxDAO,2,1,,,,2,1,,2024/4/29 8:38,2024/4/29 8:41,files/20240830/6197f40efb6841bca8ad2440c426f9c2.png
287,IRS：不要忽略Form 1040中的加密资产申报,Robert Wood,1,2,,,美国国税局提醒：忽视1040表格中的加密资产申报可能面临税务和法律后果。,2,1,,2024/4/28 11:26,2024/8/30 16:08,files/20240830/25bc3c2f1d354aa195b49f08b4b7fdea.png
286,DAC8获批半年，欧盟加密税收透明进展如何？,TaxDAO,1,1,,,,2,1,,2024/4/28 11:19,2024/5/5 21:54,files/20240428/2abd9b86a4cf4cf6a26bbb496b76ae4e.png
285,"Responding to the new regulations on US IIJA reporting (2): Analyzing Form 8300, how can investors declare in the future?",TaxDAO,2,1,,,,2,1,,2024/4/21 19:55,2024/4/21 19:55,files/20240422/20cae41d20864802aba65d7f87a66f35.png
284,在合规地区，如何有效管理您的加密货币税收？,Kane Pepi,1,2,,,,2,1,,2024/4/21 16:18,2024/4/21 16:19,files/20240421/c50dbbea1fc24d2b86027417380982c9.png
282,InTax has completed a new iteration of the crypto asset finance and tax management software,TaxDAO,2,3,,,,2,1,,2024/4/15 0:05,2024/4/15 1:31,files/20240830/46fd2feb390947708f6cb6f76a9f55ae.png
281,InTax加密资产财务、税务管理软件完成新一版迭代,TaxDAO,1,3,,,,2,1,,2024/4/14 18:25,2024/4/14 18:25,files/20240830/8f619e5240de406da683554f21f62a14.png
279,比特币ETF未获批，欧盟如何保持多元化加密货币投资的领先地位？,TaxDAO,1,2,,,,2,1,,2024/4/14 18:11,2024/4/14 18:19,files/20240830/f4c05043ac554c278215072bbc5ae6fd.png
278,"On-chain Andean (3) | The current situation, changes and market outlook of Chile's crypto tax system",TaxDAO,2,1,,,,2,1,,2024/4/8 22:19,2024/4/9 9:44,files/20240830/f2b82f03973e409cac6e75a94a877076.png
277,"To boost corporate financing, the Thai government has announced that investment tokens will be exempt from personal income tax",TaxDAO,2,1,,,,1,2,,2024/4/8 22:10,2024/4/8 22:10,files/20240408/80604a2fb0de4d25be94caf02adb28ae.png
276,"ETF Investment Topic (3): Australian Bitcoin ETF Dynamics, How Will Investors Pay Taxes?",TaxDAO,2,1,,,,2,1,,2024/4/8 22:02,2024/4/8 22:03,files/20240830/eb59fefdbdd64e7e9886ac562d359b34.png
275,TaxDAO Exhibits at Booth G04 at the 2024 Hong Kong Web3 Festival,TaxDAO,2,3,,,,2,1,,2024/4/5 23:11,2024/4/21 16:23,files/20240830/c86ab2c57ba849aeab6a1f9e6d805377.png
274,什么是加密资产OCO及如何使用OCO策略管控交易风险,Liza Savenko,1,2,,,,2,1,,2024/4/4 16:51,2024/4/14 17:59,files/20240404/284690ec0654496783848e905acfeac7.png
273,2024 年美国国税局 (IRS) 的加密货币洗售规则,Tynisa Gaines,1,2,,,,2,1,,2024/4/4 16:50,2024/4/14 18:00,files/20240404/4ff82529b39b407e811532f54ab52e23.png
272,埃塞俄比亚成挖矿热门 当地矿企涉税分析,TaxDAO,1,1,,,,2,1,,2024/4/4 16:49,2024/4/21 16:05,files/20240404/7bd257d45d994db384874a3cbc97a472.png
271,应对美国IIJA报告新规（二）：解析8300表格，投资者未来可如何申报？,TaxDAO,1,1,,,,2,1,,2024/4/4 16:47,2024/4/4 16:49,files/20240830/45ae6ae22a3a4be39664259e3afcd040.png
270,链上安第斯（二） | 新总统Javier Milei将如何应对加密货币？阿根廷加密税与前瞻,FinTax,1,1,,,,2,1,,2024/4/1 15:26,2024/4/21 16:23,files/20240830/e79de945fed34160b2a091818be56619.png
269,South Korea plans to establish a "virtual asset management system" to strengthen supervision,Korea Government,2,2,,,,2,1,,2024/3/31 16:00,2024/3/31 16:00,files/20240331/5983d43c0a804b8eb9feb73bdc58d434.png
268,How Can the U.S. Combat Cryptocurrency Tax Evasion?Oyster Protocole and Bruno Bullock tax evasion case,"TaxDAO-Ray, TaxDAO-Leslie",2,1,,,,2,1,,2024/3/31 15:58,2024/3/31 16:01,files/20240331/d43be62224e84edeb1d69d9e7a346569.png
267,2025年起在美国交易加密货币涉及1099-DA表格，对投资者有何影响？,Turbo Tax,1,2,,,,2,1,,2024/3/31 15:56,2024/3/31 16:02,files/20240830/a6327e70c2e0447eab37ffb097691dd5.png
266,欲促进企业融资，泰国政府宣布投资代币可免缴个人所得税,TaxDAO,1,2,,,,2,1,,2024/3/31 15:54,2024/3/31 16:02,files/20240830/48bd51800de647e7bd557f464ea1ff87.png
265,ETF投资专题（三）：澳大利亚比特币ETF动态，投资者将如何纳税？,TaxDAO,1,1,,ETF,,2,1,,2024/3/31 15:53,2024/3/31 16:03,files/20240331/ea440a9c78cf496a8bd66e37b721505e.png
264,韩国拟建立“虚拟资产管理系统”以加强监管,디지털데일리,1,2,,,,2,1,,2024/3/24 22:42,2024/3/24 22:44,files/20240324/a7484080004d4e289784f90f79d94dc4.png
263,2024 年意大利加密货币税终极指南,Tom Jarvis,1,2,,意大利,,2,1,,2024/3/23 12:44,2024/3/23 12:46,files/20240323/1a85fbbad438408eaef774d7ef5b0803.png
262,土耳其监管大转折——是否会引发 Web3 繁荣？,Nikolai Kuznetsov,1,2,,,,2,1,,2024/3/23 12:36,2024/4/14 18:24,files/20240323/20ae057ff5774a61bcd40e6b0ef1c1d1.png
261,ETF Investment Topic (2): What are the requirements for investing in Hong Kong Bitcoin ETF? How will taxes be paid?,TaxDAO,2,1,,ETF,,2,1,,2024/3/23 12:30,2024/3/24 22:42,files/20240830/c21d1f3b9d4e41f9905d2de98eb81fe6.png
260,Oyster Protocol与Bruno Block逃税案分析：美国如何打击加密货币逃税？,TaxDAO-Ray,1,1,,,,2,1,,2024/3/23 12:28,2024/3/24 22:42,files/20240410/9de7be5032744fc7995e24c116012b35.png
259,The official website of TaxDAO is now live,TaxDAO,2,3,,,,2,1,,2024/3/16 21:08,2024/3/16 21:09,files/20240318/d79b73a327db4df5bf36f53091e82586.png
258,TaxDAO官方网站正式上线,TaxDAO,1,3,,,,2,1,,2024/3/16 21:07,2024/3/16 21:08,files/20240316/883dcbf07eaf4544b71f54ec0f7e1aa4.png
257,加拿大移民加密税陷阱：加密货币可能需要缴纳离境税，如何避免？,David Rotfleisch,1,2,,,,2,1,,2024/3/16 20:41,2024/8/30 16:23,files/20240830/c2b03e5be6ea4505b0f21a222e7db5ed.png
254,美国新《数字资产反洗钱法案》提案：VASP或被视为金融机构,Mitch Eiven,1,2,,,,2,1,,2024/3/10 15:12,2024/3/10 15:19,/wordFile/159.jpg
255,美国国税局：纳税人应继续申报所有数字资产收入,来源网络,1,2,,,,2,1,,2024/3/10 15:12,2024/3/10 15:18,/wordFile/160.jpg
256,解析澳大利亚数字资产监管建议书：反映了哪些趋势？,Michele Levine & Jaime Lumsden,1,2,,,,2,1,,2024/3/10 15:12,2024/3/10 15:18,/wordFile/161.jpg
241,IMF-FSB关于加密资产政策的实施路线图,Financial Stability Board,1,2,,,,2,1,,2024/3/10 15:12,2024/3/10 15:21,/wordFile/146.jpg
242,全球加密货币法规综合指南,Nicole Willing,1,2,,,,2,1,,2024/3/10 15:12,2024/3/10 15:21,/wordFile/147.jpg
243,前进：监管加密货币金融盘点并展望未来,Andrea Enria,1,2,,,,2,1,,2024/3/10 15:12,2024/3/10 15:21,/wordFile/148.jpg
244,走在时代前沿：金融科技和加密货币监管的未来,World pay from FIS,1,2,,,,2,1,,2024/3/10 15:12,2024/3/10 15:19,/wordFile/149.jpg
245,未来之路：为什么受监管的去中心化交易所是加密货币的趋势？,Anndy Lian,1,2,,,,2,1,,2024/3/10 15:12,2024/3/10 15:19,/wordFile/150.jpg
246,拟议的数字资产监管：加密或透明,Michele Levine、Jaime Lumsden,1,2,,,,2,1,,2024/3/10 15:12,2024/3/10 16:12,/wordFile/151.jpg
247,IMF：如何规制加密资产的风险和收益？,来源网络,1,2,,,,2,1,,2024/3/10 15:12,2024/3/10 15:20,/wordFile/152.jpg
248,加密资产对金融稳定构成威胁吗?,Claudia Buch教授，德意志联邦银行副行长,1,2,,,,2,1,,2024/3/10 15:12,2024/3/10 16:22,/wordFile/153.jpg
249,新的挑战：政府如何应对加密资产风险？,Financial Stability Board,1,2,,,,2,1,,2024/3/10 15:12,2024/3/10 16:11,/wordFile/154.jpg
250,台湾将任命金融监管机构为主要加密监管机构,Betty Hou,1,2,,,,2,1,,2024/3/10 15:12,2024/3/10 16:11,/wordFile/155.jpg
251,前进绊脚石：香港的加密货币中心梦想的障碍分析,"Matt Haldane, Dylan Butts and Xin mei Shen",1,2,,,,2,1,,2024/3/10 15:12,2024/3/10 16:11,/wordFile/156.jpg
252,进行时：香港修订反洗钱法例以涵盖虚拟资产服务供应商,Kenneth Choy及Chloe Ip,1,2,,,,2,1,,2024/3/10 15:12,2024/3/10 16:11,/wordFile/157.jpg
253,日本数字资产和Web3.0的“国家战略”分析,Kilpatrick Townsend & Stockton LLP,1,2,,,,2,1,,2024/3/10 15:12,2024/3/10 16:10,/wordFile/158.jpg
220,新西兰加密资产税收分析：征税要点与处理,来源网络,1,2,,,,2,1,,2024/3/10 15:12,2024/3/10 15:22,/wordFile/125.jpg
221,阿拉伯联合酋长国的加密资产法律及税收制度,Anshu Khanna,1,2,,,,2,1,,2024/3/10 15:12,2024/3/10 15:23,/wordFile/126.jpg
222,要点：SEC对加密市场的监管思路分析,Adam Hayes,1,2,,,,2,1,,2024/3/10 15:12,2024/3/10 15:23,/wordFile/127.jpg
223,Chainalysis解析：美国新加密货币税务报告法规,"Ian Andrews,Roger Brown",1,2,,,,2,1,,2024/3/10 15:12,2024/3/10 15:23,/wordFile/128.jpg
224,提议：美国国税局应向DeFi用户提供免费纳税报告工具,Michael Bodman,1,2,,,,2,1,,2024/3/10 15:12,2024/3/10 15:23,/wordFile/129.jpg
225,英国加密货币税收指南,来源网络,1,2,,,,2,1,,2024/3/10 15:12,2024/3/10 15:25,/wordFile/130.jpg
226,英国税务总署发布DeFi征税的公开咨询文件,英国税务总署,1,2,,,,2,1,,2024/3/10 15:12,2024/3/10 15:25,/wordFile/131.jpg
227,Uniswap 旗下机构回复英国税务部门：如何看待对 DeFi 征税,来源网络,1,2,,,,2,1,,2024/3/10 15:12,2024/3/10 16:12,/wordFile/132.jpg
228,加拿大加密货币征税分析,Cedric Jackson,1,2,,,,2,1,,2024/3/10 15:12,2024/3/10 15:23,/wordFile/133.jpg
229,NFT交易收入在加拿大如何缴税？不缴税的法律风险？,David Rot fleisch,1,2,,,,2,1,,2024/3/10 15:12,2024/3/10 15:24,/wordFile/134.jpg
230,欧洲加密货币税：现状和未来趋势,来源网络,1,2,,,,2,1,,2024/3/10 15:12,2024/3/10 15:24,/wordFile/135.jpg
231,2023年西班牙加密税务指南,Florian Wimmer,1,2,,,,2,1,,2024/3/10 15:12,2024/3/10 15:24,/wordFile/136.jpg
232,2023年葡萄牙国家预算：加密黄金国的终结？,Maria Gouveia,1,2,,,,2,1,,2024/3/10 15:12,2024/3/10 15:24,/wordFile/137.jpg
233,马耳他加密货币2023税务入门指南,Andrew Kamsky,1,2,,,,2,1,,2024/3/10 15:12,2024/3/10 15:24,/wordFile/138.jpg
234,哈萨克斯坦颁布新法律为数字资产和加密挖矿建立法律框架,ElizaGkritsi等,1,2,,,,2,1,,2024/3/10 15:12,2024/3/10 16:13,/wordFile/139.jpg
235,巴西：数字素养为加密货币的使用铺平道路,CCI,1,2,,,,2,1,,2024/3/10 15:12,2024/3/10 15:25,/wordFile/140.jpg
236,肯尼亚拟对加密货币交易所及数字资产征税以弥补现金短缺,"Terence Zimwara,David Herbling和Helen Nyambura",1,2,,,,2,1,,2024/3/10 15:12,2024/3/10 16:19,/wordFile/141.jpg
237,企业使用加密货币时需考虑的财税及安全问题,德勤,1,2,,,,2,1,,2024/3/10 15:12,2024/3/10 16:12,/wordFile/142.jpg
238,KYB流程揭秘：加密货币到法定货币无缝交易的门户,Feliciayaun,1,2,,,,2,1,,2024/3/10 15:12,2024/3/10 16:12,/wordFile/143.jpg
239,揭秘：Web3面临的主要隐私挑战以及如何克服这些挑战,Victoria Vaughan,1,2,,,,2,1,,2024/3/10 15:12,2024/3/10 16:13,/wordFile/144.jpg
240,DAC8进入意见审查阶段：欧盟的加密税务监管即将到来,Giles Mitchell & Jean Kizito,1,2,,,,2,1,,2024/3/10 15:12,2024/3/10 16:12,/wordFile/145.jpg
209,对稳定币征税：所得税与增值税,"Christophe J Waerzeggers, Irving Aw, & Jess Cheng",1,2,,,,2,1,,2024/3/10 15:12,2024/3/10 15:26,/wordFile/114.jpg
210,DeFi税收概览：流动性挖矿、流动性池等,Steven Mc Grath,1,1,,,,2,1,,2024/3/10 15:12,2024/3/10 15:26,/wordFile/115.jpg
211,IMF工作报告：对加密货币征税,Katherine Baer,1,2,,,,2,1,,2024/3/10 15:12,2024/3/10 15:25,/wordFile/116.jpg
212,如何管理美国、英国和加拿大纳税申报表上的加密货币损失,Liza Savenko,1,2,,,,2,1,,2024/3/10 15:12,2024/3/10 15:26,/wordFile/117.jpg
213,MicroStrategy第三季度10-Q表格中 关于比特币资产的会计处理和风险分析,来源网络,1,1,,,,2,1,,2024/3/10 15:12,2024/3/10 16:24,/wordFile/118.jpg
214,揭秘：台湾区块链和加密货币法律法规,RobinChang、EddieHsiung,1,2,,,,2,1,,2024/3/10 15:12,2024/3/10 15:26,/wordFile/119.jpg
215,日本税务局发布NFT交易征税指南,Crypto News,1,2,,,,2,1,,2024/3/10 15:12,2024/3/10 15:27,/wordFile/120.jpg
216,印度加密货币税：2023年指南,Staff Desk,1,2,,,,2,1,,2024/3/10 15:12,2024/3/10 15:27,/wordFile/121.jpg
217,2023年印度加密货币税收全攻略：要点解析和实操,Ektha Surana,1,2,,,,2,1,,2024/3/10 15:12,2024/3/10 15:27,/wordFile/122.jpg
218,泰国加密货币税收制度及最新政策分析,Khemaupsorn J. and Shayan Chowdhury,1,2,,,,2,1,,2024/3/10 15:12,2024/3/10 15:27,/wordFile/123.jpg
219,马来西亚的加密货币税-详细税务指南,来源网络,1,2,,,,2,1,,2024/3/10 15:12,2024/3/10 15:28,/wordFile/124.jpg
194,Positive Progress：The Current State and Prospects of Cryptocurrency Taxation in France,TaxDAO,2,1,,,,2,1,,2024/3/10 15:12,2024/3/10 15:29,/wordFile/99.jpg
195,The Dutch Cryptocurrency Tax System and its involvement in the International Taxation Regulatory system,TaxDAO,2,1,,,,2,1,,2024/3/10 15:12,2024/3/10 15:28,/wordFile/100.jpg
196,"Norwegian Cryptocurrency Taxation, Regulatory Status, and Trend Analysis",TaxDAO,2,1,,,,2,1,,2024/3/10 15:12,2024/3/10 15:28,/wordFile/101.jpg
197,"Finnish Cryptocurrency Market：Analysis of Taxation, Regulation, and Future Development Trends",TaxDAO,2,1,,,,2,1,,2024/3/10 15:12,2024/3/10 15:44,/wordFile/102.jpg
198,"Resisting Financial Sanctions, Russia Advances the Legalization of Cryptocurrencies",TaxDAO,2,1,,,,2,1,,2024/3/10 15:12,2024/3/10 15:44,/wordFile/103.jpg
199,Crypto Taxes in Slovenia and Luxembourg：the Most Crypto-Obsessed Countries in Europe,TaxDAO,2,1,,,,2,1,,2024/3/10 15:12,2024/3/10 15:44,/wordFile/104.jpg
200,Ireland’s Digital Path - Tax Analysis of Crypto Assets,TaxDAO,2,1,,,,2,1,,2024/3/10 15:12,2024/3/11 15:13,/wordFile/105.jpg
201,Gradually Tightening Regulations and Ambitious Aspirations：Can Estonia Continue to Attract Investors?,TaxDAO,2,1,,,,2,1,,2024/3/10 15:12,2024/3/10 15:29,/wordFile/106.jpg
202,Cryptocurrency：Is the IMF an Adversary？Evolution of IMF’s Regulatory Approach to Cryptocurrency,TaxDAO,2,1,,,,2,1,,2024/3/10 15:12,2024/3/11 15:12,/wordFile/107.jpg
203,Cypto Asset Regulation in the EU is About to Enter a Unified Era：A Historical Review and a Future Outlook,TaxDAO,2,1,,,,2,1,,2024/3/10 15:12,2024/3/10 15:45,/wordFile/108.jpg
204,Interpretation and Comparison of the EU’s Markets in Crypto-Assets Regulation (MiCA),TaxDAO,2,1,,,,2,1,,2024/3/10 15:12,2024/3/10 15:29,/wordFile/109.jpg
205,MiCA Clarifies Compliance Requirements for USDT and Other Stablecoins in the European Union,TaxDAO,2,1,,,,2,1,,2024/3/10 15:12,2024/3/10 15:29,/wordFile/110.jpg
206,Cryptocurrency “double-edged sword” is about to usher in legislative regulation？Current situation and prospect of stablecoin regulation,TaxDAO,2,1,,,,2,1,,2024/3/10 15:12,2024/3/11 15:06,/wordFile/111.jpg
207,Investor Attention：How the Hong Kong Government Regulates Exchange Compliance in Light of JPEX’s Debacle,TaxDAO,2,1,,,,2,1,,2024/3/10 15:12,2024/3/11 15:07,/wordFile/112.jpg
208,加密货币的币币交易需要纳税吗？,BinanceBlog,1,1,,,,2,1,,2024/3/10 15:12,2024/3/10 16:25,/wordFile/113.jpg
180,A Review of Tax Residency Determination in Major Countries：Tax Implications for Cryptocurrency Allocation,TaxDAO,2,1,,,,2,1,,2024/3/10 15:12,2024/3/10 15:48,/wordFile/85.jpg
181,Global Cryptocurrency Turnover Tax Overview,TaxDAO,2,1,,,,2,1,,2024/3/10 15:12,2024/3/10 15:48,/wordFile/86.jpg
182,"Global NFT Taxation and Regulatory Policies：Overview, Comparison, and Outlook",TaxDAO,2,1,,,,2,1,,2024/3/10 15:12,2024/3/10 15:46,/wordFile/87.jpg
184,A Comparative Analysis of Taxation and Regulation between Singapore and Hong Kong,TaxDAO,2,1,,,,2,1,,2024/3/10 15:12,2024/3/10 15:46,/wordFile/89.jpg
185,Japan vs South Korea：Cryptocurrency Policy Comparison,TaxDAO,2,1,,,,2,1,,2024/3/10 15:12,2024/3/10 15:45,/wordFile/90.jpg
186,"Analysis of India’s Cryptocurrency Taxation System, Regulatory Status, and Trends",TaxDAO,2,1,,,,2,1,,2024/3/10 15:12,2024/3/10 15:49,/wordFile/91.jpg
187,Performance period：Current Status and Future Trends of Digital Asset Taxation in Thailand,TaxDAO,2,1,,,,2,1,,2024/3/10 15:12,2024/3/10 16:20,/wordFile/92.jpg
188,Gradual Tightening：Australia's Cryptocurrency Taxation System,TaxDAO,2,1,,,,2,1,,2024/3/10 15:12,2024/3/11 15:16,/wordFile/93.jpg
189,New Zealand Finance and Expenditure Council Report:A new milestone in the development of crypto assets？,TaxDAO,2,1,,,,2,1,,2024/3/10 15:12,2024/3/11 15:17,/wordFile/94.jpg
190,Analysis of Cryptocurrency Taxation and Regulatory Policies in the United Arab Emirates,TaxDAO,2,1,,,,2,1,,2024/3/10 15:12,2024/3/10 16:21,/wordFile/95.jpg
191,Overview of the U.S. Cryptocurrency Tax System,TaxDAO,2,1,,,,2,1,,2024/3/10 15:12,2024/3/10 16:19,/wordFile/96.jpg
192,Current Status of Taxation of Cryptocurrency & Thoughts and Analysis on Canadian Cryptocurrency Taxation in Canada,TaxDAO,2,1,,,,2,1,,2024/3/10 15:12,2024/3/10 16:20,/wordFile/97.jpg
193,Taxation of Cryptocurrencies in the UK：Cutting-edge Practices and Reflections,TaxDAO,2,1,,,,2,1,,2024/3/10 15:12,2024/3/10 16:20,/wordFile/98.jpg
174,Current Status and Trends of Cryptocurrency Taxation and Regulation in China,TaxDAO,2,1,,,,2,1,,2024/3/10 15:12,2024/3/10 15:50,/wordFile/79.jpg
176,IRS Maintains Position on Taxation of Cryptocurrency Collateral：Interpreting the Jarrett v. United States Case,TaxDAO,2,1,,,,2,1,,2024/3/10 15:12,2024/3/10 15:49,/wordFile/81.jpg
171,The Eastern Battle for the Location of Multinational Crypto Enterprises (Part One)：A Comparative Analysis of Taxation and Regulation between Singapore and Hong Kong,TaxDAO,2,1,,,,2,1,,2024/3/10 15:10,2024/3/10 15:51,/wordFile/76.jpg
173,Web3 Digital Funds Topic：Comparison of Tax Risk Analysis Easily Ignored,TaxDAO,2,1,,,,2,1,,2024/3/10 15:10,2024/3/10 16:17,/wordFile/78.jpg
155,Cryptocurrency Policy Review and Outlook for 2023,TaxDAO,2,3,,,,2,1,,2024/3/10 15:10,2024/3/10 15:53,/wordFile/60.jpg
156,Prospects for the Development and Regulatory Reform of the International Tax System for Crypto Assets,TaxDAO,2,3,,,,2,1,,2024/3/10 15:10,2024/3/10 15:52,/wordFile/61.jpg
157,Beyond Winter：The Transformation and Growth of the Crypto Market,TaxDAO Leslie,2,3,,,,2,1,,2024/3/10 15:10,2024/3/10 16:17,/wordFile/62.jpg
158,TaxDAO’s Response to Committee on Finance on the Taxation of Digital Assets,TaxDAO,2,3,,,,2,1,,2024/3/10 15:10,2024/3/10 15:54,/wordFile/63.jpg
159,"Do cryptocurrencies, as legal property, need to be taxed in mainland China？",TaxDAO,2,3,,,,2,1,,2024/3/10 15:10,2024/3/10 15:52,/wordFile/64.jpg
160,"TaxDAO Hot Q&A: Will mining, trading, and paying U be taxed？",TaxDAO,2,1,,,,2,1,,2024/3/10 15:10,2024/3/11 15:18,/wordFile/65.jpg
161,Detailed Explanation of New Changes in US Cryptocurrency Accounting Rules：the Impact on Companies like MicroStrategy and Coinbase,TaxDAO,2,3,,,,2,1,,2024/3/10 15:10,2024/3/10 15:52,/wordFile/66.jpg
162,Japanese Blockchain Association’s opinion on proposed changes to cryptocurrency taxation,TaxDAO,2,1,,,,2,1,,2024/3/10 15:10,2024/3/11 15:30,/wordFile/67.jpg
163,Summary of Financial Management Concepts Needed for Web3 Based on the Bybit Compensation Incident,TaxDAO,2,3,,,,2,1,,2024/3/10 15:10,2024/3/10 15:54,/wordFile/68.jpg
164,The Impact of Tax Residency on Crypto Wealth Accumulation,TaxDAO,2,3,,,,2,1,,2024/3/10 15:10,2024/3/10 15:51,/wordFile/69.jpg
165,TaxDAO Shares ‘Web3 Tax Compliance Insights’ at CUHK Business School,TaxDAO,2,1,,,,2,1,,2024/3/10 15:10,2024/3/11 15:30,/wordFile/70.jpg
166,CARF：A New Era of Global Cryptocurrency Tax Regulation,TaxDAO,2,1,,,,2,1,,2024/3/10 15:10,2024/3/10 15:54,/wordFile/71.jpg
167,48 Countries Commit to CARF：Attitudes and Future Crypto Tax Transparency Framework,TaxDAO,2,1,,,,2,1,,2024/3/10 15:10,2024/3/10 15:55,/wordFile/72.jpg
168,Cryptocurrency Tax Havens and the Impact of International Regulation,TaxDAO,2,1,,,,2,1,,2024/3/10 15:10,2024/3/10 15:55,/wordFile/73.jpg
169,New Cryptocurrency Travel Rules Come into Force in the UK: International Comparison and Evaluation of Travel Rules,TaxDAO,2,1,,,,2,1,,2024/3/10 15:10,2024/3/11 15:31,/wordFile/74.jpg
139,加拿大加密货币征税现状及分析,TaxDAO,1,1,,,,2,1,,2024/3/10 15:10,2024/3/10 16:16,/wordFile/44.jpg
140,英国加密资产税收：时代前沿的实践与思考,TaxDAO,1,1,,,,2,1,,2024/3/10 15:10,2024/3/10 16:20,/wordFile/45.jpg
141,积极推进：法国加密税的现状与展望,TaxDAO,1,1,,,,2,1,,2024/3/10 15:10,2024/3/10 15:29,/wordFile/46.jpg
142,荷兰加密货币税收制度及参与国际税收规定进展分析,TaxDAO,1,1,,,,2,1,,2024/3/10 15:10,2024/3/10 15:28,/wordFile/47.jpg
143,挪威加密税制、监管现状和趋势分析,TaxDAO,1,1,,,,2,1,,2024/3/10 15:10,2024/3/10 15:28,/wordFile/48.jpg
144,芬兰加密货币市场：税务、监管和未来发展趋势分析,TaxDAO,1,1,,,,2,1,,2024/3/10 15:10,2024/3/10 15:44,/wordFile/49.jpg
145,对抗金融制裁：俄罗斯推进加密资产合法化,TaxDAO,1,1,,,,2,1,,2024/3/10 15:10,2024/3/10 15:44,/wordFile/50.jpg
146,欧洲最痴迷加密货币的国家：斯洛文尼亚和卢森堡的加密税分析,TaxDAO,1,1,,,,2,1,,2024/3/10 15:10,2024/3/10 15:44,/wordFile/51.jpg
147,爱尔兰的数字之路：加密资产税收分析,TaxDAO,1,1,,,,2,1,,2024/3/10 15:10,2024/3/10 15:59,/wordFile/52.jpg
148,逐渐收紧的监管与踌躇满志的雄心： 爱沙尼亚能否继续吸引投资者？,TaxDAO,1,1,,,,2,1,,2024/3/10 15:10,2024/3/10 15:29,/wordFile/53.jpg
149,与加密资产为敌？IMF对加密资产监管的态度演变,TaxDAO,1,1,,,,2,1,,2024/3/10 15:10,2024/3/10 15:59,/wordFile/54.jpg
150,欧盟加密监管即将迈入统一时代：历史回顾与未来展望,TaxDAO,1,1,,,,2,1,,2024/3/10 15:10,2024/3/10 15:45,/wordFile/55.jpg
151,解读：欧盟《加密资产市场监管法案》（MiCA）的特点,TaxDAO,1,1,,,,2,1,,2024/3/10 15:10,2024/3/10 15:29,/wordFile/56.jpg
152,MiCA明确：USDT等稳定币在欧盟的合规要求,TaxDAO,1,1,,,,2,1,,2024/3/10 15:10,2024/3/10 15:29,/wordFile/57.jpg
153,加密货币“双刃剑”即将迎来立法规制：稳定币监管现状与展望,TaxDAO,1,1,,,,2,1,,2024/3/10 15:10,2024/3/10 15:56,/wordFile/58.jpg
154,投资者关注：从JPEX暴雷看港府如何规范交易所合规性,TaxDAO,1,1,,,,2,1,,2024/3/10 15:10,2024/3/10 16:00,/wordFile/59.jpg
135,新西兰财务和支出委员会报告：加密资产发展的新里程碑？,TaxDAO,1,1,,,,2,1,,2024/3/10 15:10,2024/3/10 16:01,/wordFile/40.jpg
136,阿拉伯世界：阿联酋加密税制及监管政策分析,TaxDAO,1,1,,,,2,1,,2024/3/10 15:10,2024/3/10 16:01,/wordFile/41.jpg
137,阿拉伯世界：迪拜加密货币征税现状及趋势分析,TaxDAO,1,1,,,,2,1,,2024/3/10 15:10,2024/3/10 16:01,/wordFile/42.jpg
125,主要国家税收居民身份认定梳理：对加密资产配置的税收影响,TaxDAO,1,1,,,,2,1,,2024/3/10 15:08,2024/3/10 15:48,/wordFile/29.jpg
126,整理：对加密货币课征所得税的国家和地区,TaxDAO,1,1,,,,2,1,,2024/3/10 15:08,2024/3/10 16:02,/wordFile/30.jpg
127,整理：对加密货币课征资本利得税的国家和地区,TaxDAO,1,1,,,,2,1,,2024/3/10 15:08,2024/3/10 16:02,/wordFile/31.jpg
128,全球加密货币流转税概览,TaxDAO,1,1,,,,2,1,,2024/3/10 15:08,2024/3/10 15:48,/wordFile/32.jpg
129,全球NFT税收监管政策分析,TaxDAO,1,1,,,,2,1,,2024/3/10 15:08,2024/3/10 15:46,/wordFile/33.jpg
131,香港vs新加坡 ——加密货币政策对比,TaxDAO,1,1,,,,2,1,,2024/3/10 15:08,2024/3/10 15:46,/wordFile/35.jpg
132,日本vs韩国 ——加密货币政策对比,TaxDAO,1,1,,,,2,1,,2024/3/10 15:08,2024/3/10 15:45,/wordFile/36.jpg
133,印度加密货币税收制度、监管现状和趋势分析,TaxDAO,1,1,,,,2,1,,2024/3/10 15:08,2024/3/10 15:49,/wordFile/37.jpg
134,泰国数字资产税收现状及未来趋势,TaxDAO,1,1,,,,2,1,,2024/3/10 15:08,2024/3/10 16:03,/wordFile/38.jpg
118,开曼基金的数字资产投资之道：税务风险分析与比较,TaxDAO,1,1,,,,2,1,,2024/3/10 15:08,2024/3/10 16:03,/wordFile/22.jpg
105,日本区块链协会针对加密税制修改建议的看法,TaxDAO,1,3,,,,2,1,,2024/3/10 15:08,2024/3/10 16:04,/wordFile/9.jpg
106,从Bybit薪酬事件总结Web3需要的财管理念,TaxDAO,1,3,,,,2,1,,2024/3/10 15:08,2024/3/10 15:54,/wordFile/10.jpg
107,中国税务稽查趋严，加密货币机构与大户投资者如何应对？,TaxDAO,1,3,,,,2,1,,2024/3/10 15:08,2024/3/10 16:05,/wordFile/11.jpg
108,海外业务和股权架构设计：以挖矿业务为例,TaxDAO,1,1,,,,2,1,,2024/3/10 15:08,2024/3/11 15:42,/wordFile/12.jpg
109,税务实操：税收居民身份对加密财富积累的影响,TaxDAO,1,3,,,,2,1,,2024/3/10 15:08,2024/3/10 15:51,/wordFile/13.jpg
110,TaxDAO在香港中文大学商学院分享《Web3税务合规洞察》,TaxDAO,1,3,,,,2,1,,2024/3/10 15:08,2024/3/10 16:05,/wordFile/14.jpg
111,CARF：全球加密资产税收监管的新时代,TaxDAO,1,1,,,,2,1,,2024/3/10 15:08,2024/3/10 15:54,/wordFile/15.jpg
112,48国承诺实施CARF：各方态度与未来加密税透明框架,TaxDAO,1,1,,,,2,1,,2024/3/10 15:08,2024/3/10 15:55,/wordFile/16.jpg
113,概述：加密货币避税天堂与其国际监管,TaxDAO,1,1,,,,2,1,,2024/3/10 15:08,2024/3/10 15:55,/wordFile/17.jpg
114,IOSCO发布全球加密资产监管规则，SEC承诺采纳,TaxDAO,1,1,,,,2,1,,2024/3/10 15:08,2024/3/10 16:07,/wordFile/18.jpg
100,TaxDAO对美国参议院财政委员会关于数字资产征税问题的回应,TaxDAO,1,3,,,,2,1,,2024/3/10 15:08,2024/3/10 15:54,/wordFile/4.jpg
101,作为合法财产的加密货币在大陆是否需要纳税？,TaxDAO,1,1,,,,2,1,,2024/3/10 15:08,2024/3/10 15:52,/wordFile/5.jpg
102,TaxDAO热点问答：挖矿、交易、工资付U会被征税吗？,TaxDAO,1,3,,,,2,1,,2024/3/10 15:08,2024/3/10 16:08,/wordFile/6.jpg
103,跨境财务信息交换（CRS）是否对Web3从业者产生影响？,TaxDAO,1,3,,,,2,1,,2024/3/10 15:08,2024/3/10 16:09,/wordFile/7.jpg
98,加密资产国际税制发展与监管变革展望,TaxDAO Yoghurt,1,3,,,,2,1,,2024/3/10 15:08,2024/3/10 15:52,/wordFile/2.jpg
99,跨越寒冬：加密市场的转型与成长,TaxDAO Leslie,1,3,,,,2,1,,2024/3/10 15:08,2024/3/10 16:09,/wordFile/3.jpg
97,2023年加密货币政策回顾及展望,TaxDAO Rebecca,1,3,,,,2,1,,2024/3/10 15:08,2024/3/10 15:53,/wordFile/1.jpg
96,欧盟新反洗钱规则协议：加密货币公司应对1000欧元以上的交易开展尽调,Sandali Handagama,1,2,,,,2,1,,2024/3/10 1:31,2024/3/10 1:32,files/20240830/bad27bc579fc43e387b0e187e418d759.png
95,ETF投资专题（二）：投资香港比特币ETF有何条件？将如何纳税？,TaxDAO,1,1,,,,2,1,,2024/3/10 1:29,2024/3/10 1:31,files/20240830/666141394a164862b529bee9a6b24b89.png
94,The OECD Secretary-General reports to the G20 on the progress of CARF implementation,OECD,2,2,,,,2,1,,2024/3/10 1:17,2024/3/10 1:32,files/20240309/95654019c85a4779a676b675c65e3a85.png
93,"""Mining"" the Future: Canaan Technology's Mining Business Differentiation and Financial Analysis Report",TaxDAO,2,1,,,,2,1,,2024/3/10 1:12,2024/3/10 1:14,files/20240830/7e72ff74a67c487cb43bc702358a7659.png
92,OECD秘书长向G20汇报CARF实施进展 | 文末附报告下载,OECD,1,2,,,,2,1,,2024/3/3 14:16,2024/3/10 1:17,files/20240830/498475aa741c4c38bcb34636b6982186.png
91,比特币现货 ETF 的崛起：南非的视角,Wiehann Olivier,1,2,,,,2,1,,2024/3/3 14:14,2024/8/30 16:27,files/20240830/a5731962c7a140dcbea7b570e287afba.png
90,“挖掘”未来：嘉楠科技挖矿业务差异化与财务分析报告,TaxDAO,1,1,,,,2,1,,2024/3/3 14:12,2024/3/3 14:14,files/20240830/72018cc245c841dcaeba85cdaf73b183.png
89,On-chain Andes (4): Analysis of the dynamics of Mexico's crypto tax system and regulatory frontiers,TaxDAO,2,1,,,,2,1,,2024/3/3 13:47,2024/3/5 12:00,files/20240303/16bd18dd2a7c4edd8a17d56c52a2f18d.png
72,Responding to the New IIJA Filing Rules (I): Analysis of Reporting Obligations and Potential Consequences of the New Regulations,TaxDAO,2,1,,,,2,1,,2024/2/26 15:45,2024/2/26 15:45,files/20240830/0b8c134a5ed9414a85ff0051189bd42b.png
71,英国金融法案“有益制约”正使投资者更难交易加密货币,Robert D. Kinght,1,2,,,,2,1,,2024/2/23 13:20,2024/2/29 11:33,files/20240830/bf7249bd974e4ce9ac1772022b3f35fd.png
68,判例、选举与立法：2024 年加密货币监管来自何方？,"Nikhilesh De, Jesse Hamilton, Sandali Handagama, Camomile Shumba, Elizabeth Napolitano, Amitoj Singh",1,2,,,,2,1,,2024/2/18 16:46,2024/2/23 9:15,files/20240218/photo-1495976797530-f33e6580e44b_1708245896783.jpg
67,全球加密货币监管前瞻：金融风险、数据治理和网络安全是规制重点,Julius Mutunkei,1,2,,,分析师预计 2024 年的重点领域将超出监管力度加大的总体趋势。他们预测，金融机构将制定更加强有力的风险管理框架，并提高资本和流动性要求，以反映当前的经济环境。此外，数据和人工智能在传统金融和加密货币领域的重要性不断上升，预计将增加全球加密货币监管中对数据治理和模型风险管理的需求。分析师还预计，可持续性以及环境、社会和治理（ESG）因素将在国际加密货币监管中占据更大的比重，而网络安全仍然是重中之重，因为数字资产平台仍然是黑客和诈骗者的目标。,2,1,,2024/2/18 16:44,2024/2/22 9:58,files/20240218/photo-1450849608880-6f787542c88a_1708245818758.jpg
66,ETF Investment Special (Part 1): What Taxes are Involved When U.S. Residents and Overseas Residents Invest in U.S. Bitcoin ETFs?,TaxDAO,2,1,,ETF,,2,1,,2024/2/18 15:46,2024/2/19 11:30,files/20240830/c5f4117df73e48109bc8928945fd3d44.png
65,"How will the new president, Javier Milei, deal with cryptocurrency? Argentina Crypto Tax & Preview",TaxDAO,2,1,,,"The Argentine Republic (Spanish: República Argentina), commonly known as Argentina (Spanish: Argentina), is located in the south of South America, relying on abundant natural resources, Argentina has long practiced an economic model of exporting primary products and substituting imported industrial products. At the end of 2023, its inflation rate reached 211.4%, surpassing Venezuela's 193%, making it the fastest depreciating currency in Latin America. Against this backdrop, investing in cryptocurrencies has become the way most Argentines fight inflation, but the Argentine government has generally taken a wait-and-see approach to cryptocurrencies, and its crypto tax reform still needs a long process.",2,1,,2024/2/13 19:30,2024/2/13 19:30,files/20240830/e74df7b06c2844df98e377841a0c2b8b.png
64,行业对亚太地区多国比特币ETF获批持乐观态度，澳大利亚处于领先地位,Amitoj Singh,1,2,,,,2,1,,2024/2/11 15:20,2024/2/11 19:29,files/20240211/raimond-klavins-yzkoleKww6w-unsplash_1707636003406.jpg
63,应对美国IIJA申报新规（一）：新规报告义务和潜在后果分析,TaxDAO,1,1,,,,2,1,,2024/2/11 15:08,2024/2/11 17:12,files/20240830/0206fdd896c94472879efc80e253cb8e.png
62,TaxDAO Annual White Paper_2024,TaxDAO,2,3,,,"At the end of 2023 and the beginning of 2024, TaxDAO compiles the research findings for industry practitioners, observers, and professionals to reference. As one of the few organizations dedicated to conducting research on Web3 tax, accounting, and regulatory policies, we are enthusiastic about utilizing our expertise and contributing to a path forward for industry compliance. The booming crypto assets and Web3 industry have made it increasingly impossible to ignore in economic activities, and its positive and negative impacts are also rapidly amplified. The two-way interaction between regulation and the industry has evolved from a small contact to a real-time collision and balance. Just like a strong belief in Bitcoin, digital citizens in the industry have an unwavering belief in the development of the industry. With the recent liquidation of Binance risks and the expectation of Bitcoin ETF applications, vigorous power has once again gathered upward. At the same time, we are keenly aware of the industry's urgent need for clarity on regulatory compliance. In the future, TaxDAO hopes to continue to export its views in the development of regulatory policy in various regions, especially in the area of tax and accounting policy - an area in which TaxDAO is naturally good at. The voice in this area represents our judgment on the trend of financial regulation, tax regulation and audit transparency in the next 5-10 years. We hope to do a good job of the existing work at the same time, develop a good commercial landing scene, to maintain the survival and active organization. In the future, TaxDAO will make every effort to explore the path of Web3 tax and financial compliance, and cooperate with the community to seek a stable and long-term industry development path.",2,1,,2024/2/7 20:33,2024/2/7 21:15,files/20240830/892fe00cd5704f07808b27a5a67674a8.png
61,TaxDAO年度白皮书_2024,TaxDAO,1,3,,,岁末年初，TaxDAO将本年的研究成果整理供行业从业者、观察者以及专业人士参考。作为少数专注于Web3税务、会计、监管政策研究的组织，我们非常兴奋能有这样的时代和行业机会利用专业所学，为开拓一条行业合规发展的必经之路做些许贡献。 加密资产和Web3行业的蓬勃发展使其在全球经济活动中变得越来越不可忽视，其正反两面影响也快速放大。监管与本行业的双向互动从开始的细微接触演变成实时碰撞和平衡。 就像信仰比特币一样，身处本行业的数字公民对行业的发展抱持着坚定不移的信仰。虽然在过去的一年我们经历过挫折，但伴随着近期币安风险的出清以及美国SEC对现货比特币ETF的批准，蓬勃的力量再一次向上积聚。行稳才能致远，我们深刻感受到行业对明晰监管合规的迫切需求。 TaxDAO希望未来在各地区监管政策的制定过程中持续输出观点，尤其是税务和会计政策领域——这是TaxDAO与生俱来所擅长的领域。在该领域的发声代表了我们对于未来5-10年金融监管、税务监管、审计透明趋势的判断。 我们希望在做好既有工作的同时，开拓有良好的商业化落地场景，保持组织的存续和活跃。未来TaxDAO将在Web3税务和财务合规的路径探索上倾尽全力，与社区共同协作，寻求稳定、长期的行业发展路径。,2,1,,2024/2/7 20:31,2024/2/7 20:33,files/20240830/3d839850b7924ed8bb0a37a43baec5b2.png
60,对IRS税收裁决的失败挑战：Jarrett诉美国案与质押税收问题分析,TaxDAO,1,1,,,,2,1,,2024/2/7 20:25,2024/2/7 21:15,files/20240830/294664668c4e415591bd768d230d657c.png
59,美国加密税制度分析,TaxDAO,1,1,,,,2,1,,2024/2/7 20:23,2024/2/7 21:15,files/20240830/b3bee3e03abb48728d14e385c0bc5ca6.png
58,"详解美国加密货币会计核算规则新变化，对MicroStrategy, Coinbase 等有何影响",TaxDAO,1,1,,,,2,1,,2024/2/7 20:21,2024/2/7 21:16,files/20240830/5b44fe33a94844a49e77d2e2dfff4687.png
57,IRS Maintains Position on Taxation of Cryptocurrency Collateral Interpreting the Jarrett v. United States Case,TaxDAO,2,1,,,,2,1,,2024/2/7 20:18,2024/2/7 20:25,files/20240830/d60308277895480b952a59bbf69e6903.png
56,Overview of the U.S. Cryptocurrency Tax System,TaxDAO,2,1,,,,2,1,,2024/2/7 20:16,2024/2/7 20:23,files/20240830/e7dd742240bf44308ba980f49539fe18.png
55,Detailed Explanation of New Changes in US Cryptocurrency Accounting Rules ：the Impact on Companies like MicroStrategy and,TaxDAO,2,1,,,,2,1,,2024/2/7 20:14,2024/2/7 20:21,files/20240830/246b4e090d554649b3883afe428e99ca.png
54,加密货币在中国国内的税收征管现状和趋势 系列三,TaxDAO,1,1,,,,2,1,,2024/2/7 20:10,2024/2/7 21:16,files/20240830/3d270b8a1d1d49eda122ed94b90b7894.png
53,加密货币在中国国内的税收征管现状和趋势 系列二,TaxDAO,1,1,,,,2,1,,2024/2/7 20:07,2024/2/7 21:16,files/20240830/b55192340a7845ada32dba1b5d6f026e.png
52,加密货币在中国国内的税收征管现状和趋势 系列一,TaxDAO,1,1,,,,2,1,,2024/2/7 20:05,2024/2/7 21:16,files/20240830/a5466f7ec95e45368791f8bfaef4341f.png
51,作为合法财产的加密货币在大陆是否需要纳税？,TaxDAO,1,1,,,,2,1,,2024/2/7 20:03,2024/2/7 21:16,files/20240830/3c700ba8a02744f5a6680cea757a0b8b.png
50,中国税务稽查趋严，加密货币机构与大户投资者如何应对？,TaxDAO,1,1,,,,2,1,,2024/2/7 20:01,2024/2/7 21:17,files/20240830/c6ab280a653e44a7a6048a869d6aaed1.png
49,Current Status and Trends of Cryptocurrency Taxation and Regulation in China series III,TaxDAO,2,1,,,,2,1,,2024/2/7 19:58,2024/2/7 20:10,files/20240830/f77fa7e34fdb419793f7a95d279c2c88.png
48,Current Status and Trends of Cryptocurrency Taxation and Regulation in China series II,TaxDAO,2,1,,,,2,1,,2024/2/7 19:56,2024/2/7 20:07,files/20240830/499bc1c24a2445c9847ac00a385c4479.png
47,Current Status and Trends of Cryptocurrency Taxation and Regulation in China series I,TaxDAO,2,1,,,,2,1,,2024/2/7 19:53,2024/2/7 20:05,files/20240830/407f12ebfa97487bb958a085e6b321cb.png
46,"Do cryptocurrencies, as legal property, need to be taxed in mainland China",TaxDAO,2,1,,,,2,1,,2024/2/7 19:50,2024/2/7 20:03,files/20240830/13d6e107e4d64242a990198ca2973428.png
45,美国加密资产会计准则新规带来何种影响？详解加密资产会计处理,TaxDAO,1,1,,,,2,1,,2024/2/7 19:44,2024/2/7 21:17,files/20240207/-s-付费阅读7_1707306151303.jpg
44,链上安第斯（一）丨巴西加密税制与监管前沿动态分析,FinTax,1,1,,,,2,1,,2024/2/7 19:40,2024/2/7 21:17,files/20240830/d2b005426e8049109e2a861d21cc6f1d.png
43,对抗金融制裁，俄罗斯推进加密资产合法化,TaxDAO,1,1,,,,2,1,,2024/2/7 18:27,2024/2/7 21:17,files/20240830/4291611bec144751abbe0aac8750f574.png
42,Web3数字基金专题：容易忽视的税务风险分析比较,TaxDAO,1,1,,,,2,1,,2024/2/7 18:19,2024/2/7 21:18,files/20240830/51a158cf4dde4602b6634d2f65e2c90a.png
41,与加密资产为敌？IMF对加密资产监管的态度演变,TaxDAO,1,1,,,,2,1,,2024/2/7 18:14,2024/2/7 21:18,files/20240830/06abe9ebd2bc44c3b3474de3a49d305e.png
40, 跨国加密企业选址的东方之争（二）：加密资产挖矿企业更适合落地香港？,TaxDAO,1,1,,,,2,1,,2024/2/7 18:11,2024/2/7 21:18,files/20240830/b28de890defc4ef2be4ab12c055f1074.png
39,跨国加密企业选址的东方之争（一）：新加坡与香港的税务与监管比较分析,TaxDAO,1,1,,,,2,1,,2024/2/7 18:07,2024/2/7 18:08,files/20240830/4ab522098639424ba5db74c5c012d601.png
38,What are the implications of the new US crypto-asset accounting standard,TaxDAO,2,1,,,,2,1,,2024/2/7 18:03,2024/2/7 19:44,files/20240207/-s-付费阅读7_1707300215847.jpg
37,Exploring the Latest Trends in Brazil's Cryptocurrency Taxation and Regulatory Landscape,TaxDAO,2,1,,,,2,1,,2024/2/7 18:00,2024/2/7 19:40,files/20240830/87cae7645dca47948eec3432c050feb9.png
36,"Resisting Financial Sanctions, Russia Advances the Legalization of Cryptocurrencies",TaxDAO,2,1,,,,1,2,,2024/2/7 17:50,2024/2/7 18:27,files/20240207/-s-付费阅读5_1707299407146.jpg
35,Web3 Digital Funds Topic Comparison of Tax Risk Analysis Easily Ignored,TaxDAO,2,1,,,,2,1,,2024/2/7 17:46,2024/2/7 18:19,files/20240830/5077708784ec490d93eae6296b2264a4.png
34,Cryptocurrency Is the IMF an Adversary Evolution of IMF's Regulatory Approach to Cryptocurrency,TaxDAO,2,1,,,,2,1,,2024/2/7 17:37,2024/2/7 17:37,files/20240830/8633139dc5b549ab8152917d1f3adfd3.png
33,The Eastern Battle for the Location of Multination (Part Two),TaxDAO,2,1,,,,2,1,,2024/2/7 17:31,2024/2/7 17:34,files/20240830/932fb0066cf44211b7b68a57069f552e.png
32,The Eastern Battle for the Location of Multinational Crypto Enterprises (Part One) A Comparative Analysis of Taxation and Regulation between Singapore and Hong Kong,TaxDAO,2,1,,,,2,1,,2024/2/7 17:25,2024/2/7 18:07,files/20240830/eb00965039c54d40afa2a2a8177f7ec4.png
